"rank","gradtime","stipend","placement","respID","qID","altID","obsID"
6,5,20,8,1,1,1,1
15,7,30,17,1,1,2,1
22,4,25,10,1,1,3,1
16,4,30,1,1,2,1,2
25,7,50,10,1,2,2,2
5,5,30,14,1,2,3,2
23,5,35,5,1,3,1,3
16,4,35,5,1,3,2,3
9,7,35,20,1,3,3,3
23,4,35,4,1,4,1,4
10,6,20,21,1,4,2,4
14,7,35,16,1,4,3,4
13,7,20,9,1,5,1,5
5,6,30,18,1,5,2,5
24,4,45,12,1,5,3,5
1,6,50,24,1,6,1,6
25,7,50,1,1,6,2,6
4,7,25,18,1,6,3,6
2,7,45,11,1,7,1,7
12,4,30,6,1,7,2,7
15,6,20,9,1,7,3,7
8,4,20,18,1,8,1,8
14,5,45,25,1,8,2,8
15,6,20,3,1,8,3,8
23,7,50,3,1,9,1,9
11,7,40,3,1,9,2,9
8,6,50,22,1,9,3,9
10,6,30,24,1,10,1,10
5,6,20,13,1,10,2,10
16,4,35,1,1,10,3,10
9,5,50,13,2,1,1,11
16,7,50,11,2,1,2,11
2,4,30,19,2,1,3,11
5,7,40,20,2,2,1,12
12,7,40,8,2,2,2,12
14,4,20,13,2,2,3,12
1,6,45,17,2,3,1,13
3,7,50,25,2,3,2,13
1,4,50,7,2,3,3,13
20,6,25,11,2,4,1,14
3,5,50,2,2,4,2,14
11,4,30,15,2,4,3,14
15,7,50,14,2,5,1,15
6,5,30,9,2,5,2,15
25,6,20,6,2,5,3,15
7,7,20,12,2,6,1,16
25,5,35,25,2,6,2,16
22,4,25,20,2,6,3,16
10,5,20,6,2,7,1,17
4,6,30,1,2,7,2,17
7,6,30,5,2,7,3,17
9,6,20,14,2,8,1,18
3,4,35,7,2,8,2,18
25,4,25,21,2,8,3,18
16,7,30,22,2,9,1,19
3,4,50,21,2,9,2,19
19,4,45,5,2,9,3,19
17,6,50,10,2,10,1,20
11,6,30,9,2,10,2,20
3,4,25,3,2,10,3,20
7,6,40,2,3,1,1,21
20,4,30,4,3,1,2,21
8,6,40,13,3,1,3,21
17,5,45,2,3,2,1,22
21,4,20,22,3,2,2,22
14,4,30,14,3,2,3,22
22,6,40,11,3,3,1,23
2,6,20,9,3,3,2,23
11,4,25,16,3,3,3,23
21,4,25,8,3,4,1,24
6,7,20,24,3,4,2,24
2,4,45,15,3,4,3,24
9,6,45,13,3,5,1,25
16,5,25,19,3,5,2,25
1,4,20,20,3,5,3,25
20,5,20,2,3,6,1,26
6,5,50,8,3,6,2,26
14,4,20,7,3,6,3,26
18,4,20,5,3,7,1,27
25,6,40,11,3,7,2,27
3,5,50,5,3,7,3,27
19,6,30,19,3,8,1,28
17,6,45,10,3,8,2,28
7,6,45,8,3,8,3,28
20,4,35,14,3,9,1,29
15,5,30,11,3,9,2,29
24,7,35,17,3,9,3,29
6,6,30,4,3,10,1,30
16,4,20,6,3,10,2,30
15,6,25,2,3,10,3,30
2,7,35,6,4,1,1,31
22,4,25,22,4,1,2,31
9,4,40,25,4,1,3,31
25,7,25,2,4,2,1,32
5,4,20,9,4,2,2,32
20,7,20,9,4,2,3,32
5,4,40,15,4,3,1,33
20,7,30,3,4,3,2,33
13,5,30,13,4,3,3,33
13,6,25,9,4,4,1,34
1,6,45,23,4,4,2,34
22,6,45,11,4,4,3,34
10,4,45,18,4,5,1,35
25,4,20,23,4,5,2,35
19,4,50,24,4,5,3,35
15,6,35,19,4,6,1,36
15,6,45,3,4,6,2,36
20,7,35,25,4,6,3,36
10,7,25,6,4,7,1,37
6,5,35,24,4,7,2,37
1,7,40,1,4,7,3,37
6,7,50,23,4,8,1,38
9,7,20,9,4,8,2,38
15,7,35,12,4,8,3,38
22,5,30,19,4,9,1,39
22,6,35,1,4,9,2,39
10,6,25,20,4,9,3,39
2,7,35,7,4,10,1,40
9,7,50,24,4,10,2,40
1,5,35,24,4,10,3,40
13,6,35,19,5,1,1,41
14,5,35,7,5,1,2,41
22,6,50,18,5,1,3,41
4,4,35,16,5,2,1,42
10,4,50,19,5,2,2,42
14,4,50,15,5,2,3,42
19,5,25,6,5,3,1,43
23,7,20,3,5,3,2,43
15,5,40,19,5,3,3,43
15,7,20,15,5,4,1,44
11,6,25,3,5,4,2,44
7,5,50,8,5,4,3,44
12,5,45,5,5,5,1,45
6,6,30,14,5,5,2,45
10,4,50,18,5,5,3,45
9,7,35,5,5,6,1,46
18,7,50,21,5,6,2,46
10,7,50,3,5,6,3,46
5,7,45,9,5,7,1,47
21,6,30,11,5,7,2,47
23,6,40,7,5,7,3,47
25,5,20,9,5,8,1,48
3,5,20,13,5,8,2,48
17,4,50,11,5,8,3,48
24,7,30,14,5,9,1,49
6,5,45,22,5,9,2,49
7,5,50,4,5,9,3,49
11,6,25,24,5,10,1,50
2,5,35,14,5,10,2,50
10,6,35,13,5,10,3,50
14,6,30,15,6,1,1,51
19,6,25,23,6,1,2,51
18,4,40,5,6,1,3,51
20,4,20,25,6,2,1,52
6,4,50,17,6,2,2,52
22,6,35,13,6,2,3,52
9,5,50,1,6,3,1,53
4,7,45,11,6,3,2,53
7,4,30,13,6,3,3,53
18,5,30,24,6,4,1,54
12,4,35,16,6,4,2,54
20,6,45,2,6,4,3,54
21,4,35,23,6,5,1,55
12,5,50,19,6,5,2,55
2,6,45,5,6,5,3,55
16,4,30,19,6,6,1,56
20,7,35,18,6,6,2,56
16,6,30,3,6,6,3,56
25,6,25,20,6,7,1,57
9,4,25,18,6,7,2,57
19,4,50,15,6,7,3,57
16,5,50,14,6,8,1,58
18,7,35,10,6,8,2,58
20,4,35,1,6,8,3,58
22,7,30,14,6,9,1,59
15,6,50,7,6,9,2,59
21,5,25,2,6,9,3,59
16,5,35,20,6,10,1,60
14,5,25,25,6,10,2,60
17,6,20,10,6,10,3,60
13,5,50,5,7,1,1,61
10,7,20,5,7,1,2,61
20,5,35,16,7,1,3,61
17,7,30,24,7,2,1,62
22,7,20,22,7,2,2,62
17,5,35,12,7,2,3,62
14,7,20,20,7,3,1,63
19,7,35,4,7,3,2,63
8,5,30,24,7,3,3,63
21,7,20,17,7,4,1,64
7,6,40,10,7,4,2,64
21,4,40,25,7,4,3,64
3,4,30,8,7,5,1,65
13,6,30,4,7,5,2,65
24,6,20,15,7,5,3,65
11,6,35,3,7,6,1,66
14,4,50,21,7,6,2,66
2,4,35,5,7,6,3,66
12,4,45,5,7,7,1,67
5,5,50,6,7,7,2,67
13,4,45,14,7,7,3,67
18,6,30,6,7,8,1,68
6,6,30,4,7,8,2,68
13,4,40,20,7,8,3,68
12,4,45,13,7,9,1,69
9,4,30,25,7,9,2,69
25,5,35,16,7,9,3,69
9,4,25,1,7,10,1,70
17,7,50,4,7,10,2,70
16,6,25,13,7,10,3,70
1,6,30,21,8,1,1,71
22,4,25,7,8,1,2,71
18,4,45,7,8,1,3,71
10,5,45,1,8,2,1,72
22,7,25,5,8,2,2,72
19,4,30,4,8,2,3,72
20,4,30,9,8,3,1,73
7,7,25,16,8,3,2,73
25,7,40,20,8,3,3,73
12,6,20,10,8,4,1,74
22,4,35,24,8,4,2,74
10,5,35,15,8,4,3,74
14,4,40,15,8,5,1,75
6,4,40,6,8,5,2,75
22,6,25,7,8,5,3,75
12,6,35,4,8,6,1,76
10,7,35,15,8,6,2,76
6,7,20,3,8,6,3,76
15,7,45,10,8,7,1,77
21,5,30,22,8,7,2,77
3,6,30,8,8,7,3,77
14,5,40,13,8,8,1,78
17,5,25,6,8,8,2,78
9,6,50,8,8,8,3,78
24,6,40,7,8,9,1,79
5,4,45,22,8,9,2,79
2,6,30,3,8,9,3,79
3,4,30,4,8,10,1,80
17,5,50,3,8,10,2,80
2,4,50,2,8,10,3,80
4,7,50,13,9,1,1,81
3,5,30,25,9,1,2,81
20,5,25,17,9,1,3,81
7,7,35,23,9,2,1,82
14,7,35,6,9,2,2,82
11,7,20,20,9,2,3,82
25,5,25,3,9,3,1,83
3,6,45,25,9,3,2,83
13,4,25,12,9,3,3,83
3,4,40,3,9,4,1,84
24,7,35,20,9,4,2,84
4,5,20,18,9,4,3,84
16,5,40,20,9,5,1,85
3,5,20,6,9,5,2,85
17,7,40,3,9,5,3,85
19,6,45,1,9,6,1,86
10,6,45,7,9,6,2,86
14,7,25,21,9,6,3,86
21,7,25,21,9,7,1,87
19,5,35,16,9,7,2,87
7,5,50,10,9,7,3,87
12,6,20,11,9,8,1,88
20,6,45,16,9,8,2,88
16,6,45,12,9,8,3,88
15,4,30,23,9,9,1,89
21,6,30,7,9,9,2,89
22,5,20,2,9,9,3,89
18,7,20,2,9,10,1,90
11,6,20,11,9,10,2,90
3,5,35,18,9,10,3,90
15,4,50,23,10,1,1,91
21,7,50,15,10,1,2,91
25,6,30,20,10,1,3,91
22,7,20,2,10,2,1,92
12,5,50,10,10,2,2,92
11,5,30,14,10,2,3,92
20,5,35,10,10,3,1,93
9,5,45,6,10,3,2,93
3,5,30,25,10,3,3,93
15,5,20,3,10,4,1,94
10,7,25,14,10,4,2,94
8,4,50,18,10,4,3,94
16,7,30,12,10,5,1,95
25,4,35,22,10,5,2,95
21,6,45,11,10,5,3,95
18,5,20,13,10,6,1,96
14,7,25,8,10,6,2,96
13,6,30,21,10,6,3,96
21,7,35,7,10,7,1,97
2,4,25,23,10,7,2,97
4,5,20,2,10,7,3,97
6,4,35,18,10,8,1,98
2,4,40,9,10,8,2,98
14,5,45,15,10,8,3,98
14,5,35,20,10,9,1,99
8,4,30,18,10,9,2,99
8,5,50,24,10,9,3,99
14,4,45,24,10,10,1,100
6,4,40,16,10,10,2,100
2,6,25,16,10,10,3,100
25,7,25,18,11,1,1,101
9,7,35,2,11,1,2,101
18,5,30,6,11,1,3,101
5,7,45,5,11,2,1,102
14,6,40,7,11,2,2,102
13,5,35,8,11,2,3,102
15,6,50,7,11,3,1,103
20,4,50,8,11,3,2,103
7,6,25,18,11,3,3,103
18,4,45,2,11,4,1,104
18,5,50,6,11,4,2,104
9,5,40,19,11,4,3,104
4,4,20,17,11,5,1,105
5,4,30,18,11,5,2,105
19,4,35,14,11,5,3,105
20,5,25,4,11,6,1,106
4,4,45,20,11,6,2,106
13,6,20,8,11,6,3,106
2,5,30,25,11,7,1,107
12,7,40,1,11,7,2,107
16,5,30,8,11,7,3,107
3,6,25,2,11,8,1,108
15,4,20,9,11,8,2,108
11,7,50,11,11,8,3,108
25,6,30,1,11,9,1,109
1,6,40,24,11,9,2,109
24,5,45,9,11,9,3,109
5,6,50,12,11,10,1,110
10,4,25,22,11,10,2,110
23,7,25,9,11,10,3,110
16,5,25,10,12,1,1,111
9,7,35,12,12,1,2,111
10,5,35,3,12,1,3,111
17,4,40,12,12,2,1,112
6,5,45,4,12,2,2,112
20,4,45,18,12,2,3,112
3,6,25,20,12,3,1,113
17,5,45,25,12,3,2,113
10,5,25,14,12,3,3,113
1,4,30,3,12,4,1,114
19,5,45,25,12,4,2,114
6,7,30,2,12,4,3,114
23,6,20,2,12,5,1,115
5,5,50,14,12,5,2,115
8,6,25,10,12,5,3,115
1,4,40,14,12,6,1,116
18,6,45,12,12,6,2,116
6,4,25,1,12,6,3,116
2,7,35,8,12,7,1,117
22,4,50,19,12,7,2,117
2,7,45,10,12,7,3,117
5,4,45,11,12,8,1,118
16,4,20,23,12,8,2,118
15,4,45,13,12,8,3,118
3,6,30,23,12,9,1,119
18,5,40,19,12,9,2,119
14,6,35,11,12,9,3,119
6,5,20,9,12,10,1,120
2,6,20,11,12,10,2,120
22,5,40,6,12,10,3,120
6,5,40,17,13,1,1,121
6,6,50,23,13,1,2,121
17,6,30,17,13,1,3,121
3,5,30,16,13,2,1,122
16,7,30,25,13,2,2,122
6,5,45,6,13,2,3,122
22,7,30,16,13,3,1,123
9,6,40,4,13,3,2,123
6,6,20,7,13,3,3,123
5,4,35,4,13,4,1,124
13,7,30,25,13,4,2,124
6,6,30,8,13,4,3,124
2,7,40,5,13,5,1,125
25,5,45,24,13,5,2,125
1,5,45,8,13,5,3,125
20,4,20,20,13,6,1,126
21,6,20,11,13,6,2,126
7,6,30,15,13,6,3,126
21,6,30,8,13,7,1,127
25,7,35,12,13,7,2,127
5,7,50,17,13,7,3,127
19,5,45,1,13,8,1,128
16,4,40,18,13,8,2,128
18,6,35,23,13,8,3,128
17,7,35,15,13,9,1,129
7,5,20,10,13,9,2,129
8,7,30,24,13,9,3,129
12,5,20,19,13,10,1,130
15,5,40,25,13,10,2,130
3,5,35,2,13,10,3,130
9,5,50,5,14,1,1,131
10,4,50,25,14,1,2,131
22,7,50,23,14,1,3,131
13,6,30,24,14,2,1,132
3,4,30,22,14,2,2,132
20,4,35,25,14,2,3,132
25,4,20,17,14,3,1,133
18,6,30,6,14,3,2,133
5,5,50,4,14,3,3,133
12,6,20,2,14,4,1,134
3,7,45,8,14,4,2,134
15,7,45,24,14,4,3,134
9,6,25,3,14,5,1,135
17,4,20,20,14,5,2,135
21,7,45,19,14,5,3,135
6,6,45,20,14,6,1,136
13,5,40,11,14,6,2,136
12,7,35,4,14,6,3,136
2,7,35,24,14,7,1,137
8,6,20,11,14,7,2,137
24,5,20,4,14,7,3,137
10,4,45,7,14,8,1,138
8,4,35,1,14,8,2,138
11,6,50,18,14,8,3,138
23,7,30,24,14,9,1,139
20,6,20,18,14,9,2,139
1,4,40,20,14,9,3,139
17,7,45,21,14,10,1,140
3,5,50,2,14,10,2,140
15,7,30,18,14,10,3,140
7,7,50,14,15,1,1,141
11,5,30,23,15,1,2,141
7,5,20,7,15,1,3,141
21,7,20,24,15,2,1,142
19,5,40,1,15,2,2,142
1,4,45,4,15,2,3,142
4,4,30,4,15,3,1,143
25,5,40,3,15,3,2,143
19,6,25,16,15,3,3,143
24,4,20,8,15,4,1,144
9,4,20,18,15,4,2,144
17,4,30,25,15,4,3,144
11,6,50,15,15,5,1,145
11,4,40,8,15,5,2,145
11,5,25,3,15,5,3,145
19,6,40,15,15,6,1,146
3,7,25,25,15,6,2,146
21,6,45,11,15,6,3,146
2,6,20,22,15,7,1,147
3,7,20,19,15,7,2,147
4,7,50,2,15,7,3,147
11,6,40,23,15,8,1,148
9,5,30,2,15,8,2,148
20,6,30,21,15,8,3,148
25,6,35,20,15,9,1,149
13,4,35,22,15,9,2,149
15,4,35,25,15,9,3,149
15,6,30,10,15,10,1,150
21,7,50,24,15,10,2,150
21,7,45,6,15,10,3,150
1,5,30,3,16,1,1,151
2,6,50,5,16,1,2,151
19,4,30,9,16,1,3,151
12,6,30,8,16,2,1,152
16,4,50,1,16,2,2,152
14,6,40,1,16,2,3,152
17,6,50,5,16,3,1,153
23,6,20,14,16,3,2,153
17,7,20,13,16,3,3,153
7,6,50,1,16,4,1,154
7,5,20,16,16,4,2,154
5,6,20,19,16,4,3,154
23,5,45,24,16,5,1,155
10,4,35,1,16,5,2,155
5,7,40,6,16,5,3,155
10,6,40,22,16,6,1,156
21,5,25,5,16,6,2,156
22,7,25,19,16,6,3,156
13,4,40,8,16,7,1,157
13,6,45,4,16,7,2,157
12,6,40,20,16,7,3,157
16,7,30,9,16,8,1,158
10,4,20,2,16,8,2,158
5,7,45,14,16,8,3,158
4,5,30,16,16,9,1,159
7,7,40,19,16,9,2,159
16,5,20,12,16,9,3,159
2,5,20,13,16,10,1,160
10,5,30,20,16,10,2,160
25,6,35,7,16,10,3,160
21,4,45,24,17,1,1,161
4,5,30,16,17,1,2,161
3,6,20,11,17,1,3,161
2,5,45,12,17,2,1,162
24,5,50,18,17,2,2,162
6,4,40,8,17,2,3,162
12,7,30,16,17,3,1,163
15,5,40,21,17,3,2,163
19,4,30,8,17,3,3,163
4,5,40,17,17,4,1,164
25,6,50,7,17,4,2,164
15,4,50,13,17,4,3,164
2,4,35,15,17,5,1,165
11,4,25,21,17,5,2,165
10,7,25,5,17,5,3,165
23,4,25,13,17,6,1,166
9,5,40,23,17,6,2,166
20,4,35,11,17,6,3,166
19,7,45,21,17,7,1,167
23,7,35,20,17,7,2,167
17,4,20,6,17,7,3,167
25,7,35,1,17,8,1,168
7,7,45,13,17,8,2,168
9,6,30,6,17,8,3,168
10,7,40,24,17,9,1,169
22,5,30,4,17,9,2,169
6,5,35,16,17,9,3,169
9,6,45,3,17,10,1,170
25,4,25,8,17,10,2,170
9,5,25,12,17,10,3,170
12,5,40,5,18,1,1,171
7,7,35,11,18,1,2,171
24,5,40,15,18,1,3,171
19,5,40,19,18,2,1,172
24,5,45,4,18,2,2,172
7,7,45,19,18,2,3,172
8,6,20,10,18,3,1,173
23,5,35,17,18,3,2,173
8,5,45,20,18,3,3,173
2,6,40,22,18,4,1,174
22,7,50,10,18,4,2,174
2,7,25,12,18,4,3,174
14,6,45,12,18,5,1,175
24,7,40,12,18,5,2,175
9,6,40,11,18,5,3,175
15,7,40,17,18,6,1,176
6,5,35,3,18,6,2,176
18,6,25,4,18,6,3,176
18,4,40,9,18,7,1,177
24,7,35,6,18,7,2,177
5,5,40,3,18,7,3,177
14,7,25,17,18,8,1,178
7,6,50,17,18,8,2,178
6,4,30,2,18,8,3,178
20,4,30,13,18,9,1,179
16,5,50,8,18,9,2,179
6,6,45,4,18,9,3,179
22,7,45,1,18,10,1,180
17,6,40,4,18,10,2,180
21,7,50,23,18,10,3,180
22,7,20,20,19,1,1,181
6,7,35,22,19,1,2,181
7,4,35,22,19,1,3,181
16,5,25,3,19,2,1,182
12,4,35,18,19,2,2,182
12,5,30,10,19,2,3,182
23,4,50,7,19,3,1,183
16,5,30,5,19,3,2,183
8,4,25,11,19,3,3,183
14,7,40,20,19,4,1,184
19,7,45,4,19,4,2,184
8,6,35,3,19,4,3,184
1,5,25,22,19,5,1,185
5,4,40,15,19,5,2,185
24,7,20,25,19,5,3,185
12,7,50,17,19,6,1,186
20,4,25,24,19,6,2,186
16,4,35,7,19,6,3,186
10,6,25,25,19,7,1,187
6,6,20,6,19,7,2,187
19,7,25,3,19,7,3,187
4,7,40,23,19,8,1,188
19,4,25,6,19,8,2,188
5,7,40,1,19,8,3,188
5,6,45,13,19,9,1,189
1,7,45,2,19,9,2,189
22,4,35,4,19,9,3,189
23,7,40,3,19,10,1,190
17,7,20,18,19,10,2,190
5,7,40,6,19,10,3,190
7,4,25,8,20,1,1,191
11,7,35,6,20,1,2,191
3,5,45,16,20,1,3,191
23,5,20,22,20,2,1,192
17,4,20,22,20,2,2,192
4,5,20,24,20,2,3,192
14,4,50,17,20,3,1,193
11,7,40,10,20,3,2,193
11,6,25,4,20,3,3,193
25,5,30,22,20,4,1,194
22,6,30,6,20,4,2,194
21,5,20,6,20,4,3,194
19,4,25,4,20,5,1,195
12,4,30,7,20,5,2,195
4,5,35,23,20,5,3,195
2,4,35,15,20,6,1,196
18,7,35,18,20,6,2,196
13,6,25,17,20,6,3,196
14,7,45,2,20,7,1,197
2,6,25,10,20,7,2,197
15,4,45,17,20,7,3,197
15,4,25,5,20,8,1,198
22,6,20,14,20,8,2,198
12,5,50,9,20,8,3,198
17,4,45,23,20,9,1,199
2,6,25,18,20,9,2,199
7,5,30,19,20,9,3,199
21,4,30,21,20,10,1,200
17,7,50,18,20,10,2,200
12,4,40,17,20,10,3,200
3,5,40,24,21,1,1,201
13,5,20,16,21,1,2,201
2,6,30,16,21,1,3,201
25,7,50,25,21,2,1,202
17,6,30,8,21,2,2,202
9,5,50,2,21,2,3,202
24,6,20,4,21,3,1,203
15,4,20,5,21,3,2,203
12,5,45,10,21,3,3,203
16,5,50,11,21,4,1,204
7,6,20,14,21,4,2,204
23,4,20,18,21,4,3,204
3,4,50,7,21,5,1,205
24,7,45,19,21,5,2,205
12,4,25,22,21,5,3,205
18,5,40,16,21,6,1,206
15,5,45,5,21,6,2,206
22,6,35,7,21,6,3,206
15,5,45,16,21,7,1,207
22,5,25,18,21,7,2,207
20,7,35,9,21,7,3,207
4,6,20,15,21,8,1,208
2,4,40,24,21,8,2,208
24,7,50,5,21,8,3,208
5,5,35,6,21,9,1,209
22,6,25,10,21,9,2,209
16,6,35,2,21,9,3,209
23,7,40,6,21,10,1,210
13,5,40,19,21,10,2,210
7,4,40,16,21,10,3,210
12,7,50,2,22,1,1,211
18,6,40,23,22,1,2,211
21,5,40,4,22,1,3,211
4,7,45,11,22,2,1,212
16,5,40,5,22,2,2,212
9,7,20,19,22,2,3,212
13,4,50,21,22,3,1,213
5,5,20,8,22,3,2,213
22,4,20,24,22,3,3,213
4,7,25,1,22,4,1,214
15,7,50,22,22,4,2,214
20,4,30,25,22,4,3,214
18,4,20,24,22,5,1,215
7,7,35,3,22,5,2,215
15,4,25,8,22,5,3,215
20,5,20,12,22,6,1,216
24,4,45,7,22,6,2,216
25,6,40,12,22,6,3,216
19,6,40,25,22,7,1,217
12,6,50,8,22,7,2,217
14,6,25,4,22,7,3,217
19,7,35,23,22,8,1,218
6,5,25,6,22,8,2,218
3,6,30,12,22,8,3,218
20,6,50,12,22,9,1,219
4,5,25,12,22,9,2,219
1,6,50,5,22,9,3,219
23,4,35,1,22,10,1,220
24,4,30,22,22,10,2,220
8,5,30,23,22,10,3,220
21,7,40,15,23,1,1,221
16,4,25,16,23,1,2,221
18,5,45,23,23,1,3,221
19,4,35,23,23,2,1,222
3,4,20,4,23,2,2,222
15,5,30,1,23,2,3,222
9,4,30,20,23,3,1,223
14,7,30,3,23,3,2,223
13,4,45,17,23,3,3,223
7,5,50,20,23,4,1,224
11,4,25,13,23,4,2,224
16,4,30,5,23,4,3,224
10,5,25,13,23,5,1,225
12,6,45,1,23,5,2,225
9,5,30,18,23,5,3,225
11,7,30,24,23,6,1,226
15,5,20,23,23,6,2,226
17,5,20,7,23,6,3,226
23,6,45,11,23,7,1,227
11,5,50,20,23,7,2,227
19,4,20,15,23,7,3,227
21,6,35,9,23,8,1,228
4,7,45,13,23,8,2,228
5,6,40,20,23,8,3,228
25,7,35,16,23,9,1,229
20,4,20,10,23,9,2,229
6,4,40,25,23,9,3,229
22,7,35,24,23,10,1,230
25,7,25,10,23,10,2,230
7,4,20,6,23,10,3,230
19,7,35,24,24,1,1,231
23,5,40,17,24,1,2,231
5,7,50,7,24,1,3,231
17,4,40,9,24,2,1,232
19,6,40,24,24,2,2,232
1,4,50,9,24,2,3,232
17,5,20,17,24,3,1,233
20,4,20,25,24,3,2,233
1,6,45,20,24,3,3,233
15,6,40,5,24,4,1,234
13,6,50,11,24,4,2,234
9,7,35,22,24,4,3,234
16,7,25,19,24,5,1,235
9,7,40,25,24,5,2,235
20,5,20,19,24,5,3,235
13,7,50,25,24,6,1,236
13,7,40,2,24,6,2,236
12,4,30,4,24,6,3,236
14,6,45,5,24,7,1,237
14,7,25,6,24,7,2,237
9,6,25,6,24,7,3,237
11,5,50,14,24,8,1,238
3,6,30,3,24,8,2,238
3,7,45,7,24,8,3,238
18,5,45,16,24,9,1,239
6,6,45,21,24,9,2,239
2,5,50,21,24,9,3,239
24,5,50,1,24,10,1,240
25,7,50,22,24,10,2,240
10,7,50,16,24,10,3,240
10,6,20,7,25,1,1,241
19,5,30,1,25,1,2,241
22,7,50,10,25,1,3,241
24,7,20,3,25,2,1,242
10,6,40,18,25,2,2,242
11,5,30,25,25,2,3,242
18,6,30,25,25,3,1,243
11,6,30,9,25,3,2,243
15,6,50,13,25,3,3,243
20,6,50,4,25,4,1,244
4,6,50,18,25,4,2,244
6,6,30,19,25,4,3,244
1,6,40,1,25,5,1,245
2,6,20,22,25,5,2,245
6,6,35,5,25,5,3,245
9,6,50,22,25,6,1,246
23,5,45,6,25,6,2,246
25,6,35,19,25,6,3,246
13,5,45,7,25,7,1,247
14,7,40,18,25,7,2,247
22,7,25,18,25,7,3,247
4,6,20,1,25,8,1,248
17,7,40,3,25,8,2,248
8,4,40,21,25,8,3,248
15,5,50,12,25,9,1,249
21,4,40,8,25,9,2,249
13,5,40,10,25,9,3,249
16,4,40,18,25,10,1,250
2,4,45,11,25,10,2,250
22,5,35,20,25,10,3,250
16,4,45,23,26,1,1,251
23,7,40,13,26,1,2,251
18,4,50,17,26,1,3,251
16,6,20,6,26,2,1,252
6,6,30,15,26,2,2,252
18,7,25,10,26,2,3,252
12,6,50,15,26,3,1,253
22,5,50,14,26,3,2,253
18,4,40,8,26,3,3,253
20,6,50,13,26,4,1,254
16,4,50,13,26,4,2,254
17,7,35,22,26,4,3,254
11,4,20,22,26,5,1,255
15,4,50,1,26,5,2,255
23,6,50,20,26,5,3,255
10,7,25,19,26,6,1,256
20,7,50,16,26,6,2,256
19,5,25,14,26,6,3,256
4,4,45,18,26,7,1,257
20,5,45,16,26,7,2,257
13,6,50,2,26,7,3,257
17,7,50,9,26,8,1,258
16,5,45,11,26,8,2,258
21,7,40,23,26,8,3,258
21,5,20,4,26,9,1,259
17,6,35,13,26,9,2,259
2,7,45,14,26,9,3,259
18,7,45,13,26,10,1,260
9,4,45,24,26,10,2,260
22,7,30,13,26,10,3,260
16,5,35,2,27,1,1,261
12,7,35,15,27,1,2,261
3,6,40,11,27,1,3,261
1,5,40,15,27,2,1,262
4,5,45,4,27,2,2,262
8,6,40,19,27,2,3,262
13,5,20,9,27,3,1,263
9,4,25,11,27,3,2,263
17,5,35,13,27,3,3,263
2,6,40,3,27,4,1,264
5,7,45,19,27,4,2,264
12,6,30,21,27,4,3,264
8,5,25,18,27,5,1,265
3,6,30,11,27,5,2,265
5,5,35,13,27,5,3,265
21,4,50,19,27,6,1,266
9,7,20,8,27,6,2,266
18,7,20,22,27,6,3,266
12,6,30,13,27,7,1,267
16,5,25,23,27,7,2,267
16,7,25,2,27,7,3,267
16,5,20,11,27,8,1,268
11,7,25,12,27,8,2,268
14,5,40,19,27,8,3,268
11,5,30,21,27,9,1,269
18,4,45,1,27,9,2,269
18,7,35,14,27,9,3,269
12,7,35,23,27,10,1,270
2,5,40,22,27,10,2,270
14,6,30,20,27,10,3,270
15,6,40,17,28,1,1,271
9,4,50,23,28,1,2,271
25,4,35,13,28,1,3,271
22,6,20,16,28,2,1,272
13,5,45,14,28,2,2,272
19,7,25,11,28,2,3,272
7,6,50,1,28,3,1,273
14,6,35,24,28,3,2,273
5,6,45,17,28,3,3,273
18,4,45,8,28,4,1,274
9,7,35,11,28,4,2,274
15,7,40,12,28,4,3,274
15,4,50,5,28,5,1,275
13,4,30,4,28,5,2,275
9,4,45,11,28,5,3,275
11,5,45,8,28,6,1,276
19,6,45,24,28,6,2,276
2,7,30,13,28,6,3,276
7,7,50,8,28,7,1,277
11,7,30,8,28,7,2,277
13,7,35,6,28,7,3,277
17,5,50,18,28,8,1,278
21,5,45,8,28,8,2,278
15,7,30,4,28,8,3,278
17,6,35,2,28,9,1,279
23,6,30,15,28,9,2,279
9,6,35,22,28,9,3,279
2,5,35,1,28,10,1,280
20,6,30,23,28,10,2,280
8,7,30,20,28,10,3,280
6,4,25,1,29,1,1,281
18,4,30,10,29,1,2,281
12,6,40,10,29,1,3,281
6,4,50,15,29,2,1,282
18,4,35,10,29,2,2,282
2,6,50,4,29,2,3,282
21,4,40,20,29,3,1,283
14,5,45,7,29,3,2,283
6,4,25,11,29,3,3,283
4,5,30,12,29,4,1,284
13,7,50,5,29,4,2,284
9,4,25,1,29,4,3,284
7,7,45,7,29,5,1,285
14,5,25,2,29,5,2,285
6,7,50,14,29,5,3,285
10,6,45,2,29,6,1,286
7,4,50,9,29,6,2,286
1,6,40,22,29,6,3,286
7,5,45,25,29,7,1,287
14,5,50,17,29,7,2,287
5,7,40,10,29,7,3,287
14,6,20,20,29,8,1,288
16,6,20,3,29,8,2,288
9,6,40,15,29,8,3,288
11,5,35,16,29,9,1,289
7,5,25,17,29,9,2,289
11,5,25,9,29,9,3,289
25,5,25,3,29,10,1,290
24,4,40,9,29,10,2,290
3,5,35,23,29,10,3,290
3,6,35,4,30,1,1,291
8,6,30,3,30,1,2,291
13,5,30,20,30,1,3,291
16,4,20,6,30,2,1,292
6,6,45,23,30,2,2,292
9,5,20,16,30,2,3,292
3,6,45,7,30,3,1,293
17,4,40,16,30,3,2,293
18,4,25,2,30,3,3,293
21,6,35,14,30,4,1,294
9,4,25,9,30,4,2,294
15,7,50,16,30,4,3,294
5,7,40,24,30,5,1,295
6,4,20,2,30,5,2,295
24,6,50,16,30,5,3,295
15,5,20,25,30,6,1,296
20,6,20,13,30,6,2,296
22,7,30,16,30,6,3,296
4,5,25,9,30,7,1,297
4,6,30,17,30,7,2,297
22,4,45,3,30,7,3,297
7,4,20,22,30,8,1,298
15,6,30,17,30,8,2,298
3,7,45,7,30,8,3,298
22,6,40,23,30,9,1,299
1,6,30,3,30,9,2,299
22,5,50,14,30,9,3,299
21,4,45,18,30,10,1,300
24,7,40,7,30,10,2,300
20,7,35,17,30,10,3,300
6,4,45,12,31,1,1,301
17,5,30,10,31,1,2,301
23,6,35,9,31,1,3,301
10,5,50,16,31,2,1,302
15,7,30,20,31,2,2,302
19,5,35,9,31,2,3,302
22,5,30,11,31,3,1,303
21,4,25,14,31,3,2,303
8,7,30,14,31,3,3,303
17,6,30,9,31,4,1,304
15,6,50,1,31,4,2,304
3,5,20,3,31,4,3,304
12,6,45,18,31,5,1,305
21,6,40,21,31,5,2,305
8,7,45,21,31,5,3,305
22,4,25,25,31,6,1,306
6,4,25,25,31,6,2,306
24,4,20,15,31,6,3,306
4,6,45,21,31,7,1,307
24,6,45,21,31,7,2,307
10,7,40,14,31,7,3,307
9,5,30,3,31,8,1,308
4,7,40,10,31,8,2,308
23,6,30,11,31,8,3,308
5,7,50,6,31,9,1,309
19,4,30,13,31,9,2,309
2,6,35,4,31,9,3,309
24,7,50,10,31,10,1,310
9,4,45,21,31,10,2,310
17,5,20,17,31,10,3,310
2,5,20,16,32,1,1,311
12,4,20,12,32,1,2,311
24,7,25,1,32,1,3,311
24,6,25,11,32,2,1,312
7,7,30,25,32,2,2,312
16,5,40,25,32,2,3,312
4,7,20,23,32,3,1,313
14,7,35,15,32,3,2,313
11,4,20,11,32,3,3,313
19,5,25,13,32,4,1,314
17,6,30,3,32,4,2,314
24,5,25,20,32,4,3,314
7,4,50,9,32,5,1,315
10,5,30,19,32,5,2,315
10,7,30,22,32,5,3,315
11,5,50,7,32,6,1,316
22,5,25,23,32,6,2,316
11,7,20,24,32,6,3,316
8,6,35,21,32,7,1,317
25,4,35,15,32,7,2,317
18,4,30,23,32,7,3,317
9,5,25,19,32,8,1,318
15,6,45,19,32,8,2,318
22,6,20,5,32,8,3,318
1,6,45,14,32,9,1,319
20,6,50,9,32,9,2,319
13,4,25,9,32,9,3,319
23,5,25,7,32,10,1,320
22,6,35,3,32,10,2,320
4,4,40,3,32,10,3,320
18,4,25,1,33,1,1,321
15,6,50,8,33,1,2,321
21,4,25,22,33,1,3,321
23,4,30,8,33,2,1,322
15,6,45,19,33,2,2,322
5,6,20,9,33,2,3,322
1,5,45,18,33,3,1,323
25,4,20,24,33,3,2,323
11,5,50,16,33,3,3,323
21,7,40,15,33,4,1,324
18,4,40,13,33,4,2,324
5,5,25,7,33,4,3,324
22,5,20,20,33,5,1,325
18,5,25,11,33,5,2,325
19,6,50,9,33,5,3,325
23,4,45,24,33,6,1,326
17,7,40,19,33,6,2,326
25,7,25,20,33,6,3,326
8,4,35,21,33,7,1,327
11,7,30,3,33,7,2,327
19,7,30,19,33,7,3,327
22,6,30,22,33,8,1,328
8,4,20,14,33,8,2,328
18,4,35,11,33,8,3,328
8,6,40,9,33,9,1,329
11,6,20,23,33,9,2,329
23,6,45,25,33,9,3,329
12,4,45,2,33,10,1,330
21,5,30,1,33,10,2,330
25,4,50,17,33,10,3,330
10,6,25,8,34,1,1,331
23,4,30,20,34,1,2,331
16,5,50,1,34,1,3,331
11,4,40,21,34,2,1,332
13,5,50,8,34,2,2,332
5,7,20,2,34,2,3,332
4,4,20,3,34,3,1,333
11,5,30,12,34,3,2,333
15,5,25,23,34,3,3,333
14,7,40,18,34,4,1,334
11,6,30,14,34,4,2,334
9,6,20,24,34,4,3,334
5,7,45,9,34,5,1,335
22,6,40,8,34,5,2,335
23,6,45,10,34,5,3,335
4,7,20,19,34,6,1,336
15,4,25,21,34,6,2,336
10,6,20,18,34,6,3,336
10,6,50,22,34,7,1,337
2,5,50,15,34,7,2,337
2,4,30,15,34,7,3,337
15,4,45,13,34,8,1,338
18,6,20,3,34,8,2,338
18,6,25,15,34,8,3,338
11,7,30,3,34,9,1,339
10,6,20,22,34,9,2,339
3,5,20,7,34,9,3,339
8,7,45,21,34,10,1,340
16,7,25,16,34,10,2,340
23,5,35,9,34,10,3,340
16,6,20,16,35,1,1,341
9,5,50,9,35,1,2,341
12,7,45,23,35,1,3,341
14,5,25,21,35,2,1,342
24,5,45,6,35,2,2,342
13,6,20,20,35,2,3,342
21,7,30,10,35,3,1,343
11,5,35,17,35,3,2,343
11,5,30,24,35,3,3,343
11,6,35,23,35,4,1,344
5,6,45,23,35,4,2,344
21,6,50,11,35,4,3,344
9,7,45,24,35,5,1,345
7,5,50,10,35,5,2,345
2,7,50,8,35,5,3,345
13,4,25,14,35,6,1,346
17,6,40,9,35,6,2,346
17,7,20,14,35,6,3,346
7,5,35,1,35,7,1,347
22,5,25,5,35,7,2,347
7,6,50,10,35,7,3,347
17,7,45,15,35,8,1,348
12,6,45,1,35,8,2,348
14,6,45,3,35,8,3,348
15,6,50,21,35,9,1,349
15,5,50,14,35,9,2,349
18,6,50,8,35,9,3,349
7,6,35,14,35,10,1,350
4,6,35,10,35,10,2,350
10,4,45,24,35,10,3,350
23,5,50,7,36,1,1,351
18,4,35,7,36,1,2,351
22,7,40,5,36,1,3,351
11,5,45,8,36,2,1,352
18,4,30,12,36,2,2,352
2,5,20,11,36,2,3,352
18,4,30,15,36,3,1,353
21,6,25,9,36,3,2,353
4,7,35,15,36,3,3,353
5,5,45,22,36,4,1,354
20,4,25,2,36,4,2,354
8,7,20,2,36,4,3,354
17,7,40,14,36,5,1,355
17,7,50,4,36,5,2,355
18,6,40,13,36,5,3,355
8,7,30,7,36,6,1,356
15,6,20,7,36,6,2,356
15,7,25,21,36,6,3,356
6,4,45,25,36,7,1,357
1,4,45,1,36,7,2,357
23,7,45,9,36,7,3,357
1,5,35,4,36,8,1,358
17,7,30,25,36,8,2,358
11,6,35,10,36,8,3,358
23,5,35,12,36,9,1,359
25,6,50,8,36,9,2,359
25,5,40,22,36,9,3,359
13,7,20,10,36,10,1,360
21,5,45,6,36,10,2,360
15,4,40,19,36,10,3,360
25,4,30,25,37,1,1,361
13,6,30,6,37,1,2,361
4,6,40,10,37,1,3,361
6,4,20,2,37,2,1,362
15,6,30,16,37,2,2,362
16,5,45,2,37,2,3,362
19,5,30,4,37,3,1,363
16,4,25,14,37,3,2,363
23,4,40,7,37,3,3,363
1,7,35,18,37,4,1,364
3,5,35,4,37,4,2,364
24,7,35,3,37,4,3,364
4,4,35,19,37,5,1,365
12,5,35,15,37,5,2,365
13,5,45,18,37,5,3,365
24,5,40,15,37,6,1,366
14,7,35,15,37,6,2,366
21,5,50,16,37,6,3,366
17,5,20,22,37,7,1,367
18,4,35,9,37,7,2,367
10,5,50,20,37,7,3,367
8,7,45,20,37,8,1,368
15,7,40,5,37,8,2,368
16,4,45,7,37,8,3,368
13,6,45,11,37,9,1,369
5,5,35,9,37,9,2,369
13,6,50,17,37,9,3,369
22,6,45,22,37,10,1,370
8,4,45,14,37,10,2,370
23,7,50,17,37,10,3,370
4,6,35,8,38,1,1,371
19,4,50,10,38,1,2,371
2,5,45,18,38,1,3,371
4,4,40,4,38,2,1,372
14,6,25,19,38,2,2,372
16,6,25,16,38,2,3,372
7,4,45,25,38,3,1,373
16,5,35,14,38,3,2,373
13,4,50,2,38,3,3,373
19,7,50,17,38,4,1,374
22,4,20,13,38,4,2,374
15,5,25,9,38,4,3,374
11,5,20,4,38,5,1,375
25,5,30,20,38,5,2,375
1,7,40,12,38,5,3,375
9,5,20,24,38,6,1,376
11,5,50,25,38,6,2,376
13,4,45,18,38,6,3,376
4,7,25,6,38,7,1,377
19,4,45,21,38,7,2,377
8,5,25,7,38,7,3,377
22,7,25,24,38,8,1,378
25,4,20,7,38,8,2,378
17,6,35,18,38,8,3,378
15,4,40,13,38,9,1,379
23,7,40,4,38,9,2,379
16,7,45,20,38,9,3,379
25,6,45,24,38,10,1,380
11,4,20,19,38,10,2,380
16,7,45,10,38,10,3,380
25,7,35,2,39,1,1,381
6,4,20,4,39,1,2,381
16,5,50,5,39,1,3,381
14,7,40,5,39,2,1,382
10,6,40,23,39,2,2,382
19,6,20,6,39,2,3,382
14,7,20,13,39,3,1,383
6,4,30,3,39,3,2,383
5,7,25,7,39,3,3,383
19,7,25,13,39,4,1,384
13,4,25,14,39,4,2,384
14,5,45,2,39,4,3,384
20,6,25,5,39,5,1,385
16,4,35,4,39,5,2,385
12,5,35,4,39,5,3,385
17,4,30,7,39,6,1,386
18,4,25,6,39,6,2,386
11,6,20,7,39,6,3,386
11,7,20,17,39,7,1,387
18,4,35,10,39,7,2,387
7,7,30,15,39,7,3,387
14,7,50,13,39,8,1,388
16,6,20,13,39,8,2,388
14,7,50,10,39,8,3,388
9,4,30,25,39,9,1,389
13,6,25,14,39,9,2,389
23,7,40,6,39,9,3,389
21,7,35,5,39,10,1,390
6,6,45,15,39,10,2,390
10,5,40,10,39,10,3,390
16,6,50,24,40,1,1,391
16,5,30,12,40,1,2,391
18,5,20,2,40,1,3,391
9,4,50,3,40,2,1,392
12,4,35,25,40,2,2,392
3,7,30,5,40,2,3,392
25,5,45,22,40,3,1,393
19,4,25,7,40,3,2,393
24,7,50,12,40,3,3,393
12,7,50,1,40,4,1,394
3,5,45,3,40,4,2,394
1,5,30,2,40,4,3,394
6,5,30,17,40,5,1,395
14,5,50,10,40,5,2,395
25,6,45,10,40,5,3,395
5,4,50,3,40,6,1,396
14,6,30,10,40,6,2,396
18,5,35,25,40,6,3,396
24,6,40,2,40,7,1,397
4,7,30,18,40,7,2,397
24,7,40,5,40,7,3,397
17,6,35,1,40,8,1,398
11,6,40,21,40,8,2,398
15,4,35,7,40,8,3,398
23,6,35,14,40,9,1,399
5,5,50,20,40,9,2,399
3,5,20,1,40,9,3,399
11,4,40,20,40,10,1,400
7,5,40,20,40,10,2,400
17,7,50,19,40,10,3,400
18,7,20,15,41,1,1,401
7,6,50,23,41,1,2,401
20,4,25,13,41,1,3,401
24,5,40,6,41,2,1,402
6,4,50,7,41,2,2,402
25,6,45,22,41,2,3,402
13,7,45,11,41,3,1,403
23,6,25,20,41,3,2,403
8,4,40,14,41,3,3,403
13,5,25,16,41,4,1,404
3,7,45,9,41,4,2,404
2,5,45,6,41,4,3,404
7,5,40,9,41,5,1,405
14,6,50,5,41,5,2,405
13,7,20,17,41,5,3,405
22,6,40,23,41,6,1,406
3,7,30,3,41,6,2,406
2,6,40,18,41,6,3,406
4,7,20,19,41,7,1,407
7,6,25,1,41,7,2,407
23,4,45,1,41,7,3,407
9,7,30,25,41,8,1,408
11,5,35,15,41,8,2,408
14,7,30,11,41,8,3,408
13,4,25,1,41,9,1,409
6,7,25,4,41,9,2,409
22,6,20,21,41,9,3,409
14,5,35,1,41,10,1,410
1,4,40,6,41,10,2,410
22,4,50,12,41,10,3,410
6,5,25,20,42,1,1,411
15,6,20,22,42,1,2,411
14,4,25,14,42,1,3,411
7,7,40,15,42,2,1,412
15,5,25,9,42,2,2,412
10,5,40,24,42,2,3,412
25,4,40,20,42,3,1,413
1,4,20,22,42,3,2,413
21,7,35,11,42,3,3,413
23,7,40,11,42,4,1,414
6,7,40,1,42,4,2,414
4,4,30,4,42,4,3,414
10,5,45,23,42,5,1,415
25,6,50,25,42,5,2,415
3,4,20,13,42,5,3,415
23,4,50,5,42,6,1,416
24,6,25,17,42,6,2,416
22,7,40,7,42,6,3,416
10,7,50,3,42,7,1,417
2,7,35,23,42,7,2,417
12,7,35,20,42,7,3,417
12,6,40,7,42,8,1,418
24,6,35,20,42,8,2,418
19,5,35,1,42,8,3,418
7,7,35,19,42,9,1,419
16,7,20,24,42,9,2,419
8,6,50,2,42,9,3,419
15,5,25,18,42,10,1,420
2,4,20,24,42,10,2,420
18,5,30,24,42,10,3,420
14,6,35,6,43,1,1,421
3,4,30,21,43,1,2,421
19,7,45,15,43,1,3,421
19,7,30,14,43,2,1,422
11,4,30,24,43,2,2,422
4,6,20,14,43,2,3,422
11,7,25,11,43,3,1,423
24,5,35,14,43,3,2,423
23,4,25,20,43,3,3,423
3,5,30,18,43,4,1,424
9,4,25,4,43,4,2,424
13,7,40,16,43,4,3,424
12,4,40,3,43,5,1,425
17,4,30,1,43,5,2,425
3,5,50,16,43,5,3,425
20,4,50,23,43,6,1,426
23,5,25,16,43,6,2,426
19,4,30,17,43,6,3,426
12,7,40,23,43,7,1,427
23,5,25,2,43,7,2,427
19,4,25,12,43,7,3,427
25,4,20,13,43,8,1,428
9,6,50,1,43,8,2,428
3,7,50,14,43,8,3,428
17,6,25,15,43,9,1,429
24,5,45,8,43,9,2,429
8,4,20,7,43,9,3,429
23,6,50,4,43,10,1,430
20,5,45,12,43,10,2,430
5,7,50,14,43,10,3,430
21,5,30,16,44,1,1,431
22,5,35,2,44,1,2,431
8,6,25,4,44,1,3,431
14,6,25,22,44,2,1,432
22,5,35,9,44,2,2,432
16,6,50,11,44,2,3,432
20,6,35,18,44,3,1,433
23,6,40,17,44,3,2,433
7,4,30,21,44,3,3,433
23,4,20,25,44,4,1,434
20,6,20,14,44,4,2,434
2,6,45,24,44,4,3,434
6,7,50,12,44,5,1,435
7,5,30,8,44,5,2,435
23,4,20,13,44,5,3,435
13,6,45,16,44,6,1,436
7,6,25,9,44,6,2,436
13,4,40,4,44,6,3,436
3,6,20,25,44,7,1,437
4,5,50,7,44,7,2,437
12,6,50,10,44,7,3,437
10,7,30,3,44,8,1,438
8,5,25,6,44,8,2,438
15,5,50,16,44,8,3,438
9,5,50,10,44,9,1,439
8,6,45,17,44,9,2,439
7,5,35,4,44,9,3,439
1,6,40,24,44,10,1,440
14,7,25,2,44,10,2,440
3,5,35,18,44,10,3,440
5,5,25,21,45,1,1,441
22,7,40,1,45,1,2,441
12,7,40,14,45,1,3,441
20,4,35,12,45,2,1,442
7,4,20,8,45,2,2,442
17,5,30,5,45,2,3,442
3,7,40,23,45,3,1,443
23,6,50,11,45,3,2,443
18,7,40,11,45,3,3,443
19,4,50,16,45,4,1,444
2,7,45,16,45,4,2,444
11,6,40,19,45,4,3,444
1,7,45,8,45,5,1,445
18,4,45,25,45,5,2,445
17,4,50,16,45,5,3,445
17,7,45,23,45,6,1,446
20,7,50,3,45,6,2,446
8,5,25,13,45,6,3,446
13,4,30,20,45,7,1,447
16,4,20,14,45,7,2,447
5,5,40,23,45,7,3,447
9,4,50,18,45,8,1,448
6,6,45,1,45,8,2,448
12,4,25,5,45,8,3,448
22,5,20,9,45,9,1,449
5,6,20,17,45,9,2,449
14,7,25,14,45,9,3,449
14,6,25,3,45,10,1,450
10,7,45,18,45,10,2,450
5,5,50,3,45,10,3,450
14,7,20,13,46,1,1,451
21,5,20,12,46,1,2,451
20,5,30,12,46,1,3,451
17,4,40,10,46,2,1,452
12,6,30,25,46,2,2,452
20,5,50,10,46,2,3,452
7,7,35,8,46,3,1,453
19,6,20,14,46,3,2,453
14,5,50,4,46,3,3,453
16,4,45,16,46,4,1,454
14,7,25,12,46,4,2,454
1,6,20,22,46,4,3,454
7,5,50,4,46,5,1,455
8,5,40,2,46,5,2,455
19,7,30,14,46,5,3,455
14,5,25,9,46,6,1,456
13,4,25,4,46,6,2,456
19,7,25,11,46,6,3,456
5,7,35,8,46,7,1,457
23,4,40,2,46,7,2,457
25,4,30,22,46,7,3,457
17,5,25,17,46,8,1,458
5,7,40,23,46,8,2,458
14,6,35,9,46,8,3,458
25,5,40,10,46,9,1,459
25,5,50,13,46,9,2,459
21,6,30,14,46,9,3,459
1,5,40,19,46,10,1,460
12,6,25,12,46,10,2,460
11,6,20,18,46,10,3,460
25,7,25,8,47,1,1,461
22,5,30,19,47,1,2,461
25,4,45,12,47,1,3,461
10,4,35,14,47,2,1,462
6,7,45,8,47,2,2,462
4,5,40,8,47,2,3,462
17,5,50,20,47,3,1,463
25,5,30,8,47,3,2,463
14,6,45,19,47,3,3,463
22,4,35,19,47,4,1,464
20,6,20,21,47,4,2,464
18,7,25,7,47,4,3,464
6,5,40,5,47,5,1,465
15,6,45,16,47,5,2,465
6,5,30,11,47,5,3,465
2,6,50,4,47,6,1,466
15,4,50,18,47,6,2,466
14,7,40,6,47,6,3,466
20,6,30,16,47,7,1,467
17,6,40,4,47,7,2,467
19,6,35,20,47,7,3,467
25,6,40,12,47,8,1,468
25,6,35,17,47,8,2,468
19,6,20,11,47,8,3,468
7,4,40,2,47,9,1,469
25,4,25,8,47,9,2,469
21,7,25,24,47,9,3,469
17,5,45,17,47,10,1,470
25,4,40,11,47,10,2,470
21,4,30,21,47,10,3,470
4,6,20,21,48,1,1,471
22,4,50,24,48,1,2,471
18,6,45,8,48,1,3,471
10,7,50,16,48,2,1,472
16,5,35,6,48,2,2,472
19,5,30,16,48,2,3,472
12,7,30,9,48,3,1,473
13,6,40,5,48,3,2,473
4,4,30,18,48,3,3,473
21,5,45,13,48,4,1,474
22,5,50,22,48,4,2,474
20,4,30,3,48,4,3,474
10,4,40,3,48,5,1,475
12,4,40,4,48,5,2,475
21,7,20,14,48,5,3,475
11,6,35,24,48,6,1,476
6,7,30,24,48,6,2,476
1,5,20,21,48,6,3,476
9,6,45,4,48,7,1,477
15,4,25,2,48,7,2,477
15,6,50,2,48,7,3,477
21,7,25,7,48,8,1,478
17,5,40,21,48,8,2,478
23,7,50,25,48,8,3,478
18,7,30,11,48,9,1,479
14,5,50,18,48,9,2,479
18,4,30,6,48,9,3,479
24,6,50,1,48,10,1,480
3,5,40,10,48,10,2,480
19,7,40,16,48,10,3,480
3,7,50,19,49,1,1,481
22,7,35,14,49,1,2,481
9,7,25,7,49,1,3,481
18,6,40,13,49,2,1,482
14,7,20,12,49,2,2,482
19,7,45,18,49,2,3,482
22,5,20,6,49,3,1,483
25,4,40,17,49,3,2,483
4,5,45,24,49,3,3,483
14,4,25,17,49,4,1,484
5,5,40,19,49,4,2,484
22,6,45,3,49,4,3,484
13,7,20,16,49,5,1,485
9,5,25,8,49,5,2,485
2,5,30,10,49,5,3,485
5,4,50,9,49,6,1,486
9,6,50,18,49,6,2,486
12,7,45,6,49,6,3,486
7,4,20,24,49,7,1,487
12,4,45,17,49,7,2,487
2,4,25,10,49,7,3,487
15,5,50,20,49,8,1,488
8,6,35,2,49,8,2,488
25,6,45,5,49,8,3,488
16,6,40,22,49,9,1,489
8,4,45,8,49,9,2,489
25,4,35,10,49,9,3,489
3,7,45,5,49,10,1,490
7,7,25,13,49,10,2,490
5,7,40,23,49,10,3,490
17,6,40,2,50,1,1,491
21,5,35,4,50,1,2,491
25,4,30,9,50,1,3,491
21,5,20,7,50,2,1,492
23,7,50,8,50,2,2,492
22,5,35,11,50,2,3,492
22,5,40,13,50,3,1,493
23,7,40,12,50,3,2,493
17,7,20,18,50,3,3,493
3,7,40,18,50,4,1,494
16,6,35,15,50,4,2,494
18,4,45,7,50,4,3,494
5,5,20,13,50,5,1,495
10,6,50,23,50,5,2,495
8,5,40,19,50,5,3,495
24,7,50,6,50,6,1,496
5,5,35,25,50,6,2,496
1,4,50,21,50,6,3,496
2,6,50,24,50,7,1,497
4,7,35,21,50,7,2,497
13,5,30,22,50,7,3,497
14,6,25,10,50,8,1,498
2,5,25,18,50,8,2,498
1,7,45,18,50,8,3,498
6,5,30,22,50,9,1,499
18,7,40,17,50,9,2,499
21,6,45,21,50,9,3,499
1,6,35,7,50,10,1,500
4,5,50,7,50,10,2,500
8,7,20,11,50,10,3,500
24,7,45,14,51,1,1,501
8,7,30,9,51,1,2,501
8,7,35,13,51,1,3,501
8,4,40,12,51,2,1,502
18,4,50,9,51,2,2,502
11,6,25,21,51,2,3,502
14,6,45,13,51,3,1,503
20,5,40,20,51,3,2,503
14,4,35,22,51,3,3,503
10,4,30,12,51,4,1,504
5,4,30,8,51,4,2,504
8,7,50,24,51,4,3,504
3,4,30,18,51,5,1,505
14,5,45,9,51,5,2,505
3,5,35,10,51,5,3,505
19,7,45,15,51,6,1,506
11,5,35,23,51,6,2,506
16,6,50,8,51,6,3,506
23,6,35,20,51,7,1,507
3,6,30,9,51,7,2,507
7,5,30,9,51,7,3,507
24,4,35,23,51,8,1,508
21,5,40,23,51,8,2,508
25,7,50,11,51,8,3,508
23,4,50,21,51,9,1,509
22,7,40,25,51,9,2,509
16,5,50,5,51,9,3,509
17,7,30,4,51,10,1,510
4,4,40,6,51,10,2,510
6,6,45,17,51,10,3,510
22,7,30,22,52,1,1,511
12,7,40,23,52,1,2,511
9,5,35,15,52,1,3,511
9,5,45,17,52,2,1,512
17,4,40,1,52,2,2,512
6,5,30,15,52,2,3,512
16,4,50,6,52,3,1,513
24,4,50,19,52,3,2,513
25,5,30,23,52,3,3,513
24,5,40,4,52,4,1,514
15,7,50,12,52,4,2,514
13,7,35,23,52,4,3,514
10,6,20,16,52,5,1,515
6,5,50,21,52,5,2,515
11,5,25,16,52,5,3,515
14,5,40,23,52,6,1,516
17,4,35,21,52,6,2,516
7,6,30,14,52,6,3,516
11,5,50,15,52,7,1,517
6,7,25,2,52,7,2,517
11,6,50,13,52,7,3,517
5,6,50,16,52,8,1,518
9,5,40,21,52,8,2,518
4,4,45,11,52,8,3,518
1,6,50,15,52,9,1,519
15,6,30,21,52,9,2,519
9,7,45,18,52,9,3,519
10,6,50,6,52,10,1,520
15,4,20,2,52,10,2,520
2,6,35,3,52,10,3,520
21,6,40,14,53,1,1,521
5,5,35,25,53,1,2,521
25,7,30,18,53,1,3,521
9,5,20,1,53,2,1,522
19,7,40,19,53,2,2,522
16,7,25,9,53,2,3,522
11,7,40,14,53,3,1,523
4,5,25,2,53,3,2,523
15,4,20,2,53,3,3,523
2,5,20,21,53,4,1,524
5,4,30,3,53,4,2,524
25,6,20,15,53,4,3,524
1,4,25,15,53,5,1,525
17,7,20,8,53,5,2,525
8,6,25,12,53,5,3,525
2,5,20,20,53,6,1,526
8,6,20,22,53,6,2,526
1,7,20,24,53,6,3,526
11,5,25,25,53,7,1,527
5,4,20,13,53,7,2,527
25,4,45,15,53,7,3,527
21,7,30,13,53,8,1,528
3,7,30,24,53,8,2,528
6,6,45,2,53,8,3,528
10,6,40,12,53,9,1,529
8,6,35,8,53,9,2,529
24,5,20,13,53,9,3,529
5,4,25,17,53,10,1,530
2,7,35,25,53,10,2,530
11,5,30,1,53,10,3,530
18,7,25,18,54,1,1,531
10,6,25,13,54,1,2,531
16,7,25,20,54,1,3,531
8,7,35,9,54,2,1,532
13,4,25,16,54,2,2,532
2,4,35,21,54,2,3,532
1,5,45,14,54,3,1,533
15,4,35,24,54,3,2,533
13,5,20,8,54,3,3,533
13,7,20,17,54,4,1,534
8,6,40,16,54,4,2,534
2,5,50,24,54,4,3,534
23,7,50,11,54,5,1,535
1,5,45,1,54,5,2,535
1,7,30,3,54,5,3,535
24,7,30,10,54,6,1,536
9,7,45,21,54,6,2,536
5,5,35,18,54,6,3,536
13,7,40,18,54,7,1,537
14,6,40,18,54,7,2,537
14,7,40,14,54,7,3,537
22,7,50,17,54,8,1,538
1,7,35,4,54,8,2,538
25,6,20,19,54,8,3,538
4,4,40,1,54,9,1,539
6,5,35,20,54,9,2,539
15,4,20,7,54,9,3,539
20,5,35,7,54,10,1,540
1,4,50,20,54,10,2,540
23,5,20,12,54,10,3,540
6,4,40,13,55,1,1,541
4,7,35,16,55,1,2,541
25,7,45,17,55,1,3,541
8,6,25,24,55,2,1,542
23,5,50,14,55,2,2,542
13,7,25,17,55,2,3,542
5,6,45,6,55,3,1,543
9,4,30,16,55,3,2,543
7,4,35,16,55,3,3,543
10,7,45,16,55,4,1,544
10,6,35,12,55,4,2,544
10,4,25,19,55,4,3,544
1,6,30,17,55,5,1,545
18,6,40,10,55,5,2,545
13,6,25,25,55,5,3,545
1,6,50,5,55,6,1,546
4,6,30,25,55,6,2,546
4,7,25,19,55,6,3,546
14,6,45,24,55,7,1,547
20,4,35,10,55,7,2,547
14,5,40,2,55,7,3,547
10,6,20,23,55,8,1,548
14,5,30,1,55,8,2,548
22,7,50,14,55,8,3,548
4,4,40,18,55,9,1,549
10,5,30,2,55,9,2,549
1,7,20,2,55,9,3,549
17,5,45,25,55,10,1,550
12,7,50,14,55,10,2,550
6,7,25,6,55,10,3,550
9,7,20,16,56,1,1,551
16,7,45,21,56,1,2,551
24,6,35,25,56,1,3,551
24,6,25,13,56,2,1,552
7,6,20,15,56,2,2,552
21,5,50,2,56,2,3,552
20,5,45,6,56,3,1,553
6,4,35,12,56,3,2,553
12,4,30,14,56,3,3,553
9,6,20,17,56,4,1,554
12,4,45,2,56,4,2,554
18,5,35,9,56,4,3,554
18,4,35,5,56,5,1,555
19,4,45,7,56,5,2,555
21,4,25,21,56,5,3,555
3,5,40,19,56,6,1,556
13,5,40,12,56,6,2,556
1,5,50,1,56,6,3,556
16,5,25,15,56,7,1,557
4,4,20,3,56,7,2,557
13,6,35,10,56,7,3,557
19,4,50,17,56,8,1,558
19,4,25,17,56,8,2,558
12,4,50,23,56,8,3,558
6,5,40,1,56,9,1,559
22,7,50,15,56,9,2,559
18,6,20,1,56,9,3,559
16,4,25,9,56,10,1,560
17,5,25,21,56,10,2,560
16,7,45,2,56,10,3,560
1,7,25,20,57,1,1,561
16,4,30,16,57,1,2,561
8,5,40,18,57,1,3,561
1,4,40,20,57,2,1,562
16,5,30,4,57,2,2,562
22,7,40,20,57,2,3,562
4,4,45,6,57,3,1,563
3,5,20,17,57,3,2,563
7,7,20,19,57,3,3,563
23,6,35,15,57,4,1,564
9,6,50,18,57,4,2,564
17,7,40,2,57,4,3,564
23,6,30,9,57,5,1,565
6,7,30,23,57,5,2,565
1,6,25,12,57,5,3,565
14,5,30,2,57,6,1,566
8,6,45,8,57,6,2,566
6,5,20,10,57,6,3,566
11,6,25,8,57,7,1,567
3,4,30,5,57,7,2,567
23,5,40,22,57,7,3,567
10,5,25,25,57,8,1,568
20,6,30,5,57,8,2,568
5,6,35,20,57,8,3,568
19,4,35,10,57,9,1,569
8,5,25,9,57,9,2,569
7,7,30,24,57,9,3,569
5,5,20,18,57,10,1,570
15,4,25,17,57,10,2,570
18,4,35,22,57,10,3,570
15,4,25,21,58,1,1,571
21,4,40,17,58,1,2,571
25,4,45,2,58,1,3,571
20,4,35,23,58,2,1,572
6,6,35,13,58,2,2,572
5,7,50,19,58,2,3,572
13,5,50,24,58,3,1,573
20,5,25,4,58,3,2,573
18,5,25,6,58,3,3,573
22,6,20,19,58,4,1,574
11,4,50,18,58,4,2,574
20,7,50,25,58,4,3,574
16,5,25,8,58,5,1,575
16,7,25,25,58,5,2,575
16,4,25,13,58,5,3,575
24,4,30,17,58,6,1,576
7,7,50,15,58,6,2,576
20,6,20,21,58,6,3,576
13,7,30,19,58,7,1,577
15,7,45,4,58,7,2,577
3,7,35,9,58,7,3,577
18,4,35,8,58,8,1,578
25,5,20,8,58,8,2,578
25,4,45,24,58,8,3,578
2,5,35,25,58,9,1,579
3,4,40,22,58,9,2,579
2,6,40,19,58,9,3,579
1,4,50,23,58,10,1,580
15,4,50,21,58,10,2,580
10,5,50,9,58,10,3,580
14,4,35,3,59,1,1,581
22,5,50,3,59,1,2,581
10,6,35,14,59,1,3,581
12,7,25,5,59,2,1,582
1,6,25,15,59,2,2,582
1,4,25,3,59,2,3,582
10,7,35,20,59,3,1,583
2,4,35,23,59,3,2,583
25,7,35,22,59,3,3,583
21,6,45,23,59,4,1,584
6,6,20,21,59,4,2,584
1,5,30,20,59,4,3,584
16,5,50,14,59,5,1,585
7,5,50,2,59,5,2,585
12,5,20,8,59,5,3,585
7,6,35,18,59,6,1,586
20,7,40,8,59,6,2,586
14,6,45,11,59,6,3,586
18,4,35,17,59,7,1,587
7,6,35,10,59,7,2,587
1,5,30,24,59,7,3,587
4,6,40,10,59,8,1,588
22,7,20,25,59,8,2,588
25,5,45,12,59,8,3,588
10,4,25,25,59,9,1,589
7,4,35,11,59,9,2,589
9,6,30,21,59,9,3,589
14,5,45,24,59,10,1,590
15,6,40,10,59,10,2,590
22,6,25,19,59,10,3,590
7,7,25,18,60,1,1,591
17,5,35,6,60,1,2,591
19,7,25,14,60,1,3,591
5,7,30,4,60,2,1,592
4,4,35,18,60,2,2,592
6,7,20,11,60,2,3,592
16,5,35,7,60,3,1,593
18,4,25,7,60,3,2,593
18,7,40,1,60,3,3,593
24,5,45,13,60,4,1,594
2,4,45,5,60,4,2,594
9,6,25,19,60,4,3,594
20,7,30,23,60,5,1,595
1,5,50,20,60,5,2,595
22,5,35,5,60,5,3,595
25,5,45,4,60,6,1,596
16,7,25,13,60,6,2,596
13,7,40,24,60,6,3,596
14,7,35,16,60,7,1,597
14,4,35,21,60,7,2,597
8,6,20,23,60,7,3,597
11,6,40,3,60,8,1,598
7,6,50,8,60,8,2,598
9,4,45,16,60,8,3,598
10,6,45,7,60,9,1,599
16,4,20,11,60,9,2,599
21,7,50,7,60,9,3,599
8,5,40,25,60,10,1,600
8,6,30,9,60,10,2,600
3,6,30,20,60,10,3,600
6,5,25,11,61,1,1,601
14,5,40,20,61,1,2,601
23,6,20,18,61,1,3,601
24,4,50,14,61,2,1,602
13,7,50,12,61,2,2,602
21,6,50,7,61,2,3,602
1,5,25,12,61,3,1,603
4,4,30,16,61,3,2,603
16,5,45,3,61,3,3,603
5,5,30,19,61,4,1,604
22,5,40,7,61,4,2,604
9,5,20,17,61,4,3,604
21,5,20,11,61,5,1,605
13,5,20,6,61,5,2,605
16,4,40,24,61,5,3,605
12,4,40,4,61,6,1,606
17,6,40,20,61,6,2,606
24,5,45,15,61,6,3,606
3,7,45,9,61,7,1,607
11,7,50,19,61,7,2,607
8,5,20,24,61,7,3,607
8,7,45,1,61,8,1,608
16,7,50,18,61,8,2,608
23,6,45,5,61,8,3,608
14,5,40,14,61,9,1,609
7,6,25,15,61,9,2,609
9,4,40,24,61,9,3,609
13,5,25,1,61,10,1,610
5,4,50,3,61,10,2,610
13,5,25,25,61,10,3,610
10,6,45,19,62,1,1,611
25,4,40,19,62,1,2,611
16,6,20,11,62,1,3,611
5,6,50,24,62,2,1,612
17,4,40,25,62,2,2,612
14,5,30,1,62,2,3,612
24,6,40,22,62,3,1,613
24,5,45,20,62,3,2,613
16,5,35,9,62,3,3,613
19,6,30,22,62,4,1,614
22,4,35,9,62,4,2,614
14,7,20,2,62,4,3,614
3,4,50,21,62,5,1,615
6,7,35,21,62,5,2,615
16,5,40,10,62,5,3,615
7,7,40,21,62,6,1,616
14,4,50,14,62,6,2,616
3,4,25,19,62,6,3,616
3,5,25,6,62,7,1,617
12,7,40,14,62,7,2,617
3,4,30,22,62,7,3,617
17,4,50,22,62,8,1,618
13,4,45,12,62,8,2,618
3,6,25,22,62,8,3,618
15,6,35,9,62,9,1,619
10,4,20,1,62,9,2,619
17,5,20,4,62,9,3,619
14,6,50,17,62,10,1,620
6,5,30,5,62,10,2,620
24,5,45,17,62,10,3,620
1,4,50,23,63,1,1,621
21,5,30,17,63,1,2,621
25,5,25,25,63,1,3,621
10,5,30,18,63,2,1,622
24,6,25,9,63,2,2,622
4,7,20,1,63,2,3,622
22,7,25,12,63,3,1,623
24,4,40,5,63,3,2,623
25,4,30,5,63,3,3,623
6,5,30,5,63,4,1,624
9,7,35,3,63,4,2,624
19,7,30,1,63,4,3,624
18,5,30,1,63,5,1,625
14,4,30,5,63,5,2,625
5,6,45,11,63,5,3,625
9,6,40,2,63,6,1,626
24,5,35,9,63,6,2,626
4,6,30,16,63,6,3,626
25,7,25,16,63,7,1,627
4,7,30,3,63,7,2,627
15,7,30,11,63,7,3,627
8,5,30,1,63,8,1,628
8,5,35,9,63,8,2,628
16,5,30,22,63,8,3,628
16,6,40,11,63,9,1,629
16,6,40,9,63,9,2,629
20,7,30,1,63,9,3,629
2,7,30,6,63,10,1,630
18,6,45,5,63,10,2,630
24,6,40,11,63,10,3,630
18,6,25,25,64,1,1,631
15,6,20,18,64,1,2,631
17,4,20,12,64,1,3,631
6,4,35,3,64,2,1,632
23,7,30,11,64,2,2,632
10,7,30,16,64,2,3,632
14,5,35,4,64,3,1,633
12,7,30,6,64,3,2,633
2,6,25,7,64,3,3,633
8,6,30,24,64,4,1,634
14,7,35,10,64,4,2,634
9,7,25,8,64,4,3,634
24,4,40,25,64,5,1,635
8,4,25,11,64,5,2,635
15,5,50,19,64,5,3,635
13,6,35,23,64,6,1,636
20,7,30,23,64,6,2,636
19,4,45,13,64,6,3,636
3,4,20,16,64,7,1,637
25,5,30,15,64,7,2,637
23,7,20,25,64,7,3,637
2,5,35,21,64,8,1,638
8,6,35,5,64,8,2,638
21,5,40,2,64,8,3,638
7,4,50,21,64,9,1,639
9,6,45,24,64,9,2,639
12,4,30,5,64,9,3,639
21,4,50,23,64,10,1,640
20,5,45,20,64,10,2,640
8,4,25,10,64,10,3,640
20,5,35,25,65,1,1,641
23,7,25,2,65,1,2,641
1,6,30,8,65,1,3,641
1,4,20,25,65,2,1,642
19,7,30,24,65,2,2,642
11,7,40,14,65,2,3,642
5,7,40,18,65,3,1,643
19,5,45,21,65,3,2,643
17,4,20,12,65,3,3,643
14,7,25,23,65,4,1,644
11,5,50,11,65,4,2,644
25,7,40,20,65,4,3,644
9,7,35,5,65,5,1,645
7,6,35,21,65,5,2,645
21,6,35,9,65,5,3,645
25,7,50,23,65,6,1,646
18,4,20,14,65,6,2,646
5,4,30,19,65,6,3,646
24,6,35,6,65,7,1,647
16,4,35,25,65,7,2,647
19,6,40,18,65,7,3,647
18,4,40,13,65,8,1,648
18,5,30,16,65,8,2,648
23,7,30,23,65,8,3,648
23,4,20,16,65,9,1,649
25,4,30,8,65,9,2,649
25,4,30,3,65,9,3,649
17,6,20,14,65,10,1,650
2,7,45,23,65,10,2,650
2,7,40,14,65,10,3,650
6,6,35,1,66,1,1,651
25,7,20,24,66,1,2,651
16,6,25,11,66,1,3,651
2,6,20,1,66,2,1,652
19,6,50,11,66,2,2,652
4,4,45,11,66,2,3,652
24,7,40,11,66,3,1,653
25,7,35,5,66,3,2,653
4,4,30,13,66,3,3,653
24,5,40,14,66,4,1,654
17,6,45,19,66,4,2,654
23,5,40,9,66,4,3,654
11,7,25,11,66,5,1,655
14,4,35,1,66,5,2,655
22,6,45,21,66,5,3,655
12,6,25,8,66,6,1,656
19,4,30,23,66,6,2,656
18,7,35,22,66,6,3,656
12,7,45,4,66,7,1,657
12,5,45,23,66,7,2,657
12,6,45,19,66,7,3,657
17,7,35,4,66,8,1,658
3,4,30,9,66,8,2,658
20,6,45,6,66,8,3,658
14,4,50,21,66,9,1,659
24,5,20,11,66,9,2,659
11,5,20,3,66,9,3,659
9,6,50,25,66,10,1,660
4,7,50,16,66,10,2,660
25,4,40,8,66,10,3,660
14,4,35,21,67,1,1,661
15,4,35,11,67,1,2,661
10,4,40,25,67,1,3,661
21,7,40,5,67,2,1,662
14,7,35,17,67,2,2,662
9,4,30,8,67,2,3,662
12,4,20,1,67,3,1,663
22,4,40,10,67,3,2,663
1,6,25,8,67,3,3,663
20,4,45,5,67,4,1,664
2,4,20,16,67,4,2,664
1,7,25,5,67,4,3,664
10,6,25,14,67,5,1,665
3,4,35,16,67,5,2,665
6,7,40,3,67,5,3,665
13,5,20,9,67,6,1,666
22,4,20,1,67,6,2,666
3,7,35,15,67,6,3,666
15,5,50,13,67,7,1,667
16,7,20,13,67,7,2,667
19,4,40,6,67,7,3,667
5,6,30,23,67,8,1,668
20,4,40,9,67,8,2,668
6,5,20,1,67,8,3,668
18,5,50,9,67,9,1,669
22,4,40,19,67,9,2,669
17,4,50,22,67,9,3,669
3,5,25,7,67,10,1,670
13,4,25,11,67,10,2,670
1,5,45,22,67,10,3,670
20,6,50,10,68,1,1,671
16,6,30,6,68,1,2,671
22,7,25,4,68,1,3,671
14,7,45,18,68,2,1,672
11,7,50,2,68,2,2,672
8,6,40,23,68,2,3,672
14,7,20,23,68,3,1,673
7,7,30,18,68,3,2,673
19,5,20,14,68,3,3,673
6,7,45,1,68,4,1,674
8,7,35,9,68,4,2,674
11,4,25,5,68,4,3,674
17,6,25,18,68,5,1,675
22,6,25,8,68,5,2,675
19,4,40,19,68,5,3,675
9,4,45,12,68,6,1,676
2,5,35,7,68,6,2,676
7,5,30,15,68,6,3,676
19,5,20,9,68,7,1,677
17,6,50,9,68,7,2,677
9,4,25,22,68,7,3,677
18,7,25,16,68,8,1,678
13,5,50,21,68,8,2,678
4,5,25,8,68,8,3,678
3,4,25,6,68,9,1,679
12,7,30,20,68,9,2,679
5,6,20,7,68,9,3,679
5,7,50,18,68,10,1,680
24,6,50,22,68,10,2,680
5,6,30,25,68,10,3,680
1,7,20,5,69,1,1,681
14,5,20,1,69,1,2,681
24,5,20,14,69,1,3,681
12,4,20,22,69,2,1,682
6,6,25,17,69,2,2,682
11,4,30,8,69,2,3,682
13,6,40,11,69,3,1,683
14,6,20,20,69,3,2,683
18,4,25,6,69,3,3,683
25,4,30,19,69,4,1,684
10,5,20,5,69,4,2,684
2,7,35,19,69,4,3,684
8,6,25,7,69,5,1,685
21,4,50,5,69,5,2,685
25,6,50,10,69,5,3,685
3,7,35,22,69,6,1,686
17,4,45,4,69,6,2,686
18,7,35,19,69,6,3,686
24,5,20,17,69,7,1,687
2,4,30,11,69,7,2,687
23,5,30,22,69,7,3,687
13,5,45,13,69,8,1,688
2,6,50,22,69,8,2,688
8,6,25,3,69,8,3,688
4,5,50,5,69,9,1,689
9,5,45,6,69,9,2,689
10,5,30,8,69,9,3,689
3,4,50,2,69,10,1,690
18,4,40,19,69,10,2,690
25,6,40,10,69,10,3,690
3,7,20,25,70,1,1,691
14,7,25,2,70,1,2,691
14,7,50,22,70,1,3,691
22,7,20,22,70,2,1,692
7,6,40,9,70,2,2,692
16,4,25,18,70,2,3,692
16,7,45,11,70,3,1,693
11,5,35,9,70,3,2,693
10,6,20,23,70,3,3,693
24,5,25,24,70,4,1,694
10,6,50,14,70,4,2,694
12,6,25,11,70,4,3,694
3,4,45,14,70,5,1,695
24,6,35,10,70,5,2,695
14,5,35,8,70,5,3,695
22,4,45,2,70,6,1,696
20,4,40,14,70,6,2,696
8,5,25,22,70,6,3,696
7,4,50,8,70,7,1,697
4,4,35,9,70,7,2,697
14,7,20,24,70,7,3,697
5,7,40,19,70,8,1,698
17,7,35,25,70,8,2,698
8,4,20,17,70,8,3,698
15,6,30,19,70,9,1,699
2,4,40,20,70,9,2,699
4,5,50,12,70,9,3,699
6,6,30,19,70,10,1,700
23,5,20,19,70,10,2,700
21,4,35,17,70,10,3,700
1,7,35,24,71,1,1,701
16,7,20,5,71,1,2,701
24,6,40,21,71,1,3,701
10,6,25,12,71,2,1,702
10,6,45,6,71,2,2,702
14,7,20,8,71,2,3,702
15,4,45,22,71,3,1,703
7,5,20,7,71,3,2,703
6,7,20,10,71,3,3,703
7,5,40,22,71,4,1,704
3,5,40,4,71,4,2,704
10,7,20,9,71,4,3,704
3,6,30,25,71,5,1,705
22,6,40,22,71,5,2,705
19,5,45,17,71,5,3,705
1,6,30,9,71,6,1,706
6,4,20,4,71,6,2,706
10,5,40,10,71,6,3,706
6,7,40,9,71,7,1,707
13,5,25,11,71,7,2,707
14,7,50,3,71,7,3,707
19,6,45,3,71,8,1,708
19,5,30,22,71,8,2,708
24,7,45,6,71,8,3,708
12,4,20,16,71,9,1,709
13,7,30,19,71,9,2,709
16,7,50,23,71,9,3,709
12,4,45,1,71,10,1,710
11,7,50,3,71,10,2,710
25,6,20,7,71,10,3,710
4,6,50,11,72,1,1,711
3,4,40,12,72,1,2,711
24,4,45,18,72,1,3,711
1,4,40,19,72,2,1,712
23,4,50,25,72,2,2,712
1,5,35,19,72,2,3,712
20,5,30,2,72,3,1,713
12,4,40,4,72,3,2,713
5,5,25,19,72,3,3,713
12,5,40,24,72,4,1,714
5,7,25,6,72,4,2,714
3,4,35,23,72,4,3,714
25,6,30,21,72,5,1,715
4,7,30,16,72,5,2,715
17,7,45,7,72,5,3,715
24,7,50,20,72,6,1,716
8,4,20,14,72,6,2,716
1,7,35,21,72,6,3,716
21,7,45,3,72,7,1,717
20,6,50,4,72,7,2,717
13,4,40,2,72,7,3,717
18,5,30,22,72,8,1,718
13,6,25,23,72,8,2,718
2,5,25,12,72,8,3,718
25,6,35,2,72,9,1,719
1,5,35,20,72,9,2,719
22,4,35,5,72,9,3,719
17,7,40,2,72,10,1,720
16,5,30,12,72,10,2,720
8,6,25,5,72,10,3,720
5,4,30,4,73,1,1,721
4,4,45,25,73,1,2,721
4,6,30,15,73,1,3,721
14,4,35,14,73,2,1,722
17,7,25,6,73,2,2,722
3,7,25,25,73,2,3,722
22,4,45,3,73,3,1,723
10,6,40,12,73,3,2,723
20,5,40,12,73,3,3,723
2,4,25,7,73,4,1,724
24,6,35,7,73,4,2,724
6,7,35,1,73,4,3,724
12,6,45,15,73,5,1,725
24,7,40,17,73,5,2,725
19,6,25,20,73,5,3,725
5,7,25,9,73,6,1,726
6,6,40,12,73,6,2,726
6,5,35,20,73,6,3,726
14,5,50,21,73,7,1,727
15,5,25,8,73,7,2,727
8,5,45,18,73,7,3,727
19,4,40,4,73,8,1,728
14,4,45,3,73,8,2,728
10,5,35,18,73,8,3,728
7,6,30,10,73,9,1,729
6,6,45,14,73,9,2,729
12,4,50,21,73,9,3,729
4,6,40,4,73,10,1,730
7,7,25,2,73,10,2,730
2,6,50,6,73,10,3,730
6,5,30,8,74,1,1,731
2,4,25,10,74,1,2,731
13,4,35,5,74,1,3,731
7,6,20,1,74,2,1,732
5,5,50,7,74,2,2,732
11,4,35,12,74,2,3,732
17,4,45,22,74,3,1,733
4,7,20,6,74,3,2,733
23,4,35,3,74,3,3,733
25,5,35,13,74,4,1,734
15,7,50,2,74,4,2,734
11,5,20,16,74,4,3,734
8,5,25,23,74,5,1,735
17,5,35,3,74,5,2,735
8,7,30,10,74,5,3,735
19,4,25,8,74,6,1,736
10,7,25,18,74,6,2,736
5,6,25,22,74,6,3,736
2,4,40,17,74,7,1,737
20,7,25,25,74,7,2,737
6,7,25,7,74,7,3,737
5,4,30,3,74,8,1,738
17,4,40,19,74,8,2,738
10,5,20,21,74,8,3,738
21,7,25,4,74,9,1,739
1,6,20,13,74,9,2,739
2,5,30,6,74,9,3,739
20,5,45,7,74,10,1,740
21,7,40,20,74,10,2,740
2,6,25,24,74,10,3,740
20,4,20,6,75,1,1,741
18,6,35,20,75,1,2,741
12,5,30,11,75,1,3,741
18,7,25,17,75,2,1,742
13,7,50,15,75,2,2,742
7,5,20,20,75,2,3,742
9,5,50,6,75,3,1,743
4,5,40,19,75,3,2,743
7,6,20,24,75,3,3,743
4,5,35,18,75,4,1,744
3,5,20,11,75,4,2,744
23,6,35,22,75,4,3,744
17,6,50,6,75,5,1,745
16,7,20,13,75,5,2,745
5,4,25,19,75,5,3,745
4,5,30,10,75,6,1,746
17,5,30,6,75,6,2,746
9,4,40,5,75,6,3,746
1,7,50,16,75,7,1,747
3,5,20,14,75,7,2,747
17,5,40,17,75,7,3,747
17,6,35,21,75,8,1,748
22,5,45,1,75,8,2,748
19,4,50,24,75,8,3,748
16,7,45,1,75,9,1,749
22,7,50,21,75,9,2,749
2,5,40,3,75,9,3,749
12,5,25,10,75,10,1,750
5,5,40,24,75,10,2,750
16,5,20,4,75,10,3,750
15,4,25,22,76,1,1,751
16,7,20,5,76,1,2,751
1,7,50,5,76,1,3,751
7,7,30,24,76,2,1,752
5,5,35,22,76,2,2,752
4,4,35,24,76,2,3,752
20,6,50,11,76,3,1,753
12,7,20,16,76,3,2,753
24,7,20,4,76,3,3,753
17,7,45,21,76,4,1,754
8,6,50,7,76,4,2,754
16,7,40,1,76,4,3,754
25,7,30,14,76,5,1,755
23,5,35,8,76,5,2,755
13,6,50,11,76,5,3,755
24,6,20,16,76,6,1,756
21,7,50,3,76,6,2,756
14,5,35,20,76,6,3,756
19,7,50,20,76,7,1,757
22,5,20,9,76,7,2,757
10,4,40,7,76,7,3,757
24,4,30,8,76,8,1,758
5,7,20,9,76,8,2,758
1,4,30,24,76,8,3,758
9,4,20,11,76,9,1,759
23,5,40,25,76,9,2,759
1,7,35,6,76,9,3,759
5,5,50,12,76,10,1,760
13,4,50,15,76,10,2,760
7,6,35,22,76,10,3,760
3,7,25,18,77,1,1,761
25,4,20,13,77,1,2,761
23,6,20,8,77,1,3,761
24,7,40,1,77,2,1,762
9,5,20,19,77,2,2,762
10,4,20,1,77,2,3,762
3,5,50,9,77,3,1,763
19,4,45,24,77,3,2,763
10,7,40,7,77,3,3,763
15,4,20,16,77,4,1,764
8,6,30,23,77,4,2,764
19,6,30,25,77,4,3,764
18,4,20,18,77,5,1,765
8,6,50,14,77,5,2,765
24,6,40,20,77,5,3,765
16,4,40,21,77,6,1,766
6,4,25,18,77,6,2,766
25,5,25,12,77,6,3,766
18,6,45,9,77,7,1,767
24,5,35,1,77,7,2,767
4,6,20,17,77,7,3,767
1,6,20,20,77,8,1,768
20,7,50,14,77,8,2,768
18,4,35,8,77,8,3,768
10,4,45,3,77,9,1,769
15,4,25,14,77,9,2,769
5,7,30,8,77,9,3,769
16,4,35,4,77,10,1,770
4,4,40,6,77,10,2,770
17,6,50,19,77,10,3,770
6,5,50,11,78,1,1,771
17,7,40,12,78,1,2,771
23,7,20,18,78,1,3,771
23,4,50,25,78,2,1,772
4,5,45,7,78,2,2,772
20,4,40,6,78,2,3,772
2,5,20,20,78,3,1,773
9,5,50,18,78,3,2,773
19,6,20,12,78,3,3,773
2,6,25,15,78,4,1,774
14,5,30,6,78,4,2,774
5,5,50,13,78,4,3,774
24,6,50,17,78,5,1,775
1,5,25,3,78,5,2,775
7,6,40,14,78,5,3,775
8,7,35,6,78,6,1,776
13,7,30,1,78,6,2,776
4,4,45,12,78,6,3,776
9,5,30,19,78,7,1,777
2,7,50,12,78,7,2,777
15,6,30,20,78,7,3,777
23,5,40,18,78,8,1,778
12,5,30,14,78,8,2,778
12,6,25,21,78,8,3,778
19,6,35,11,78,9,1,779
16,4,40,23,78,9,2,779
4,5,35,3,78,9,3,779
14,4,45,4,78,10,1,780
10,6,40,22,78,10,2,780
23,6,35,11,78,10,3,780
19,4,20,12,79,1,1,781
22,5,20,4,79,1,2,781
5,5,30,25,79,1,3,781
6,5,30,25,79,2,1,782
23,6,45,6,79,2,2,782
8,7,45,1,79,2,3,782
10,6,45,9,79,3,1,783
23,7,35,14,79,3,2,783
12,5,20,22,79,3,3,783
6,7,45,12,79,4,1,784
8,6,35,15,79,4,2,784
22,6,30,25,79,4,3,784
5,6,30,13,79,5,1,785
10,5,45,17,79,5,2,785
4,4,35,1,79,5,3,785
19,5,50,12,79,6,1,786
14,5,50,10,79,6,2,786
7,4,40,7,79,6,3,786
14,4,20,2,79,7,1,787
10,5,50,13,79,7,2,787
19,7,20,20,79,7,3,787
1,6,25,5,79,8,1,788
19,6,30,1,79,8,2,788
2,4,35,17,79,8,3,788
5,7,35,2,79,9,1,789
5,5,20,6,79,9,2,789
17,5,50,18,79,9,3,789
15,6,40,22,79,10,1,790
15,6,25,19,79,10,2,790
16,4,45,5,79,10,3,790
1,5,25,13,80,1,1,791
25,7,50,5,80,1,2,791
24,7,35,11,80,1,3,791
1,7,30,4,80,2,1,792
8,5,50,15,80,2,2,792
17,7,40,13,80,2,3,792
23,4,50,2,80,3,1,793
16,5,20,10,80,3,2,793
11,7,30,6,80,3,3,793
21,4,40,7,80,4,1,794
17,7,45,8,80,4,2,794
23,6,25,18,80,4,3,794
11,7,35,17,80,5,1,795
21,5,25,21,80,5,2,795
7,5,35,19,80,5,3,795
4,4,30,21,80,6,1,796
5,5,20,3,80,6,2,796
18,7,50,6,80,6,3,796
16,7,40,25,80,7,1,797
10,5,45,5,80,7,2,797
20,4,30,25,80,7,3,797
8,7,30,25,80,8,1,798
9,7,35,9,80,8,2,798
14,5,20,9,80,8,3,798
22,4,40,14,80,9,1,799
7,4,45,2,80,9,2,799
20,6,35,23,80,9,3,799
6,6,50,11,80,10,1,800
24,7,25,1,80,10,2,800
15,7,20,16,80,10,3,800
7,6,20,4,81,1,1,801
12,4,50,21,81,1,2,801
2,6,25,8,81,1,3,801
1,4,40,11,81,2,1,802
17,7,40,4,81,2,2,802
23,4,20,11,81,2,3,802
25,5,50,24,81,3,1,803
14,5,25,19,81,3,2,803
23,7,30,11,81,3,3,803
23,4,40,1,81,4,1,804
4,5,40,7,81,4,2,804
17,6,20,21,81,4,3,804
12,7,40,25,81,5,1,805
21,5,30,10,81,5,2,805
17,7,30,21,81,5,3,805
20,4,50,8,81,6,1,806
13,4,20,9,81,6,2,806
10,6,40,10,81,6,3,806
3,6,35,17,81,7,1,807
10,4,35,18,81,7,2,807
8,6,30,1,81,7,3,807
4,7,50,9,81,8,1,808
20,7,50,16,81,8,2,808
16,4,50,10,81,8,3,808
18,5,30,23,81,9,1,809
7,4,25,9,81,9,2,809
9,4,20,20,81,9,3,809
18,5,50,12,81,10,1,810
19,6,25,19,81,10,2,810
2,4,40,10,81,10,3,810
4,7,25,13,82,1,1,811
8,6,40,17,82,1,2,811
15,7,25,13,82,1,3,811
20,6,40,17,82,2,1,812
2,6,30,22,82,2,2,812
21,4,25,22,82,2,3,812
17,6,20,23,82,3,1,813
2,4,25,19,82,3,2,813
4,7,40,22,82,3,3,813
13,4,35,13,82,4,1,814
2,5,40,16,82,4,2,814
24,5,25,9,82,4,3,814
21,6,45,10,82,5,1,815
17,6,45,18,82,5,2,815
15,5,30,4,82,5,3,815
2,7,50,21,82,6,1,816
18,4,30,23,82,6,2,816
15,7,20,10,82,6,3,816
3,5,50,2,82,7,1,817
19,7,35,16,82,7,2,817
16,5,40,10,82,7,3,817
17,7,25,17,82,8,1,818
14,4,30,7,82,8,2,818
1,4,50,22,82,8,3,818
25,6,50,10,82,9,1,819
5,6,50,9,82,9,2,819
9,7,20,15,82,9,3,819
12,6,35,12,82,10,1,820
19,7,25,17,82,10,2,820
23,5,35,12,82,10,3,820
3,5,35,17,83,1,1,821
13,4,50,7,83,1,2,821
16,4,25,5,83,1,3,821
20,6,25,10,83,2,1,822
13,6,30,22,83,2,2,822
7,7,45,25,83,2,3,822
14,5,45,19,83,3,1,823
4,7,30,16,83,3,2,823
10,7,40,16,83,3,3,823
21,4,30,6,83,4,1,824
12,6,40,2,83,4,2,824
11,7,45,2,83,4,3,824
10,4,45,5,83,5,1,825
3,5,50,18,83,5,2,825
20,6,50,22,83,5,3,825
22,7,45,20,83,6,1,826
21,5,50,12,83,6,2,826
9,7,45,20,83,6,3,826
8,5,30,8,83,7,1,827
15,7,35,18,83,7,2,827
19,6,35,11,83,7,3,827
7,5,30,16,83,8,1,828
16,7,40,20,83,8,2,828
1,4,20,10,83,8,3,828
3,4,30,22,83,9,1,829
21,7,35,17,83,9,2,829
4,6,45,4,83,9,3,829
20,6,30,6,83,10,1,830
23,5,40,19,83,10,2,830
12,5,35,14,83,10,3,830
8,4,25,16,84,1,1,831
12,5,25,13,84,1,2,831
15,7,30,24,84,1,3,831
1,6,40,21,84,2,1,832
10,6,50,22,84,2,2,832
18,7,50,22,84,2,3,832
11,6,25,10,84,3,1,833
21,4,35,19,84,3,2,833
13,6,40,22,84,3,3,833
2,6,25,14,84,4,1,834
25,6,35,23,84,4,2,834
17,6,30,15,84,4,3,834
13,5,45,3,84,5,1,835
17,6,20,17,84,5,2,835
3,6,20,24,84,5,3,835
21,6,25,24,84,6,1,836
20,6,30,5,84,6,2,836
6,4,20,9,84,6,3,836
15,7,50,21,84,7,1,837
12,4,45,24,84,7,2,837
11,7,40,20,84,7,3,837
17,7,40,24,84,8,1,838
10,6,20,3,84,8,2,838
13,4,35,22,84,8,3,838
17,7,45,3,84,9,1,839
21,7,30,24,84,9,2,839
18,5,40,18,84,9,3,839
4,4,45,18,84,10,1,840
16,7,25,23,84,10,2,840
21,6,20,23,84,10,3,840
4,5,25,10,85,1,1,841
20,7,35,14,85,1,2,841
3,7,25,14,85,1,3,841
4,5,25,18,85,2,1,842
25,6,35,8,85,2,2,842
7,5,20,21,85,2,3,842
8,5,50,8,85,3,1,843
20,6,25,8,85,3,2,843
16,5,50,14,85,3,3,843
1,6,35,22,85,4,1,844
22,5,35,16,85,4,2,844
10,5,40,6,85,4,3,844
7,7,30,8,85,5,1,845
13,4,30,1,85,5,2,845
24,5,45,13,85,5,3,845
4,6,40,22,85,6,1,846
16,6,25,15,85,6,2,846
18,5,25,13,85,6,3,846
5,7,45,11,85,7,1,847
21,4,25,6,85,7,2,847
17,6,25,12,85,7,3,847
16,7,30,4,85,8,1,848
4,5,45,9,85,8,2,848
8,7,25,10,85,8,3,848
2,7,45,3,85,9,1,849
20,6,20,9,85,9,2,849
21,4,45,21,85,9,3,849
15,6,50,14,85,10,1,850
1,5,35,2,85,10,2,850
19,7,20,8,85,10,3,850
20,4,45,22,86,1,1,851
11,5,40,19,86,1,2,851
15,4,40,9,86,1,3,851
2,6,25,16,86,2,1,852
18,4,20,10,86,2,2,852
14,5,30,10,86,2,3,852
22,5,25,12,86,3,1,853
10,6,45,24,86,3,2,853
13,6,35,1,86,3,3,853
3,6,50,1,86,4,1,854
10,7,50,4,86,4,2,854
22,7,35,8,86,4,3,854
19,6,30,3,86,5,1,855
3,5,35,17,86,5,2,855
8,4,35,6,86,5,3,855
15,6,30,15,86,6,1,856
13,7,20,3,86,6,2,856
20,5,40,18,86,6,3,856
18,6,45,14,86,7,1,857
15,6,25,10,86,7,2,857
22,6,35,23,86,7,3,857
17,5,30,17,86,8,1,858
25,7,45,4,86,8,2,858
9,4,50,22,86,8,3,858
9,4,50,6,86,9,1,859
20,4,25,9,86,9,2,859
9,5,25,21,86,9,3,859
20,5,50,6,86,10,1,860
9,5,25,9,86,10,2,860
1,5,50,10,86,10,3,860
13,5,35,25,87,1,1,861
1,4,50,24,87,1,2,861
8,5,40,21,87,1,3,861
24,4,45,8,87,2,1,862
17,7,50,22,87,2,2,862
24,6,50,21,87,2,3,862
4,5,25,16,87,3,1,863
24,7,20,3,87,3,2,863
6,5,45,1,87,3,3,863
10,4,45,1,87,4,1,864
12,6,35,1,87,4,2,864
4,7,40,12,87,4,3,864
17,5,40,21,87,5,1,865
22,4,30,20,87,5,2,865
14,6,45,7,87,5,3,865
16,5,40,13,87,6,1,866
5,5,50,14,87,6,2,866
9,4,30,18,87,6,3,866
18,5,45,5,87,7,1,867
22,4,20,20,87,7,2,867
7,4,30,15,87,7,3,867
25,6,40,5,87,8,1,868
4,6,25,11,87,8,2,868
14,5,35,23,87,8,3,868
4,5,45,6,87,9,1,869
10,5,25,10,87,9,2,869
17,5,30,14,87,9,3,869
25,6,45,3,87,10,1,870
6,7,20,11,87,10,2,870
4,6,45,9,87,10,3,870
13,4,30,24,88,1,1,871
23,6,25,15,88,1,2,871
18,6,50,1,88,1,3,871
11,7,25,11,88,2,1,872
5,4,30,21,88,2,2,872
15,6,30,9,88,2,3,872
11,4,35,10,88,3,1,873
11,4,35,23,88,3,2,873
4,7,25,1,88,3,3,873
6,5,25,1,88,4,1,874
14,6,45,2,88,4,2,874
10,7,50,21,88,4,3,874
5,4,40,24,88,5,1,875
14,5,45,1,88,5,2,875
21,5,20,9,88,5,3,875
8,7,20,12,88,6,1,876
1,4,45,6,88,6,2,876
19,4,45,12,88,6,3,876
9,4,45,21,88,7,1,877
17,6,45,17,88,7,2,877
21,5,40,6,88,7,3,877
8,6,40,18,88,8,1,878
18,7,45,22,88,8,2,878
21,7,40,6,88,8,3,878
3,4,25,3,88,9,1,879
16,4,25,10,88,9,2,879
24,5,45,8,88,9,3,879
6,6,45,11,88,10,1,880
6,6,30,21,88,10,2,880
9,7,30,8,88,10,3,880
15,7,20,3,89,1,1,881
24,6,30,21,89,1,2,881
23,7,45,12,89,1,3,881
13,7,35,21,89,2,1,882
5,5,35,1,89,2,2,882
12,7,35,8,89,2,3,882
16,4,50,5,89,3,1,883
13,6,30,21,89,3,2,883
13,4,30,10,89,3,3,883
18,4,50,7,89,4,1,884
7,5,45,9,89,4,2,884
22,6,30,22,89,4,3,884
1,4,25,18,89,5,1,885
8,6,45,21,89,5,2,885
12,6,45,11,89,5,3,885
22,7,40,5,89,6,1,886
22,7,20,9,89,6,2,886
2,5,45,6,89,6,3,886
12,4,40,1,89,7,1,887
20,5,20,12,89,7,2,887
25,7,45,25,89,7,3,887
17,4,50,21,89,8,1,888
14,7,50,25,89,8,2,888
9,4,45,17,89,8,3,888
22,5,25,5,89,9,1,889
21,6,20,6,89,9,2,889
22,6,30,3,89,9,3,889
2,4,30,12,89,10,1,890
14,6,30,22,89,10,2,890
17,7,20,1,89,10,3,890
8,4,35,24,90,1,1,891
12,4,35,12,90,1,2,891
19,5,20,1,90,1,3,891
12,5,25,25,90,2,1,892
7,6,50,14,90,2,2,892
22,4,25,20,90,2,3,892
5,7,30,16,90,3,1,893
9,4,20,19,90,3,2,893
7,4,30,2,90,3,3,893
8,7,45,3,90,4,1,894
8,6,25,5,90,4,2,894
22,6,25,20,90,4,3,894
15,6,45,7,90,5,1,895
12,6,30,6,90,5,2,895
11,5,35,18,90,5,3,895
1,7,20,18,90,6,1,896
1,4,20,19,90,6,2,896
13,5,25,1,90,6,3,896
12,7,40,3,90,7,1,897
18,5,45,25,90,7,2,897
19,7,25,20,90,7,3,897
24,4,40,24,90,8,1,898
23,6,30,3,90,8,2,898
15,7,40,5,90,8,3,898
8,6,45,22,90,9,1,899
4,6,50,15,90,9,2,899
7,6,20,3,90,9,3,899
20,5,40,9,90,10,1,900
13,7,35,17,90,10,2,900
12,4,35,2,90,10,3,900
13,4,30,7,91,1,1,901
14,4,35,10,91,1,2,901
10,5,50,15,91,1,3,901
8,7,20,13,91,2,1,902
13,7,45,13,91,2,2,902
12,4,30,14,91,2,3,902
16,6,45,19,91,3,1,903
7,4,25,13,91,3,2,903
9,4,30,17,91,3,3,903
25,5,30,11,91,4,1,904
19,4,40,18,91,4,2,904
3,6,20,15,91,4,3,904
10,4,45,24,91,5,1,905
10,4,30,13,91,5,2,905
23,4,25,22,91,5,3,905
4,4,30,19,91,6,1,906
17,7,40,15,91,6,2,906
14,7,40,17,91,6,3,906
18,7,40,12,91,7,1,907
25,6,30,1,91,7,2,907
10,7,25,19,91,7,3,907
9,6,30,24,91,8,1,908
24,6,35,7,91,8,2,908
1,5,20,12,91,8,3,908
23,6,35,19,91,9,1,909
21,7,20,6,91,9,2,909
5,6,35,19,91,9,3,909
18,4,50,2,91,10,1,910
2,4,35,21,91,10,2,910
10,6,25,7,91,10,3,910
23,4,20,16,92,1,1,911
12,4,20,22,92,1,2,911
5,4,20,22,92,1,3,911
12,5,50,3,92,2,1,912
12,7,35,7,92,2,2,912
2,6,35,13,92,2,3,912
21,7,50,25,92,3,1,913
25,6,25,18,92,3,2,913
18,4,50,20,92,3,3,913
3,7,30,10,92,4,1,914
19,5,50,9,92,4,2,914
15,5,25,22,92,4,3,914
20,5,35,1,92,5,1,915
8,5,40,24,92,5,2,915
10,6,20,16,92,5,3,915
22,5,20,20,92,6,1,916
22,5,45,14,92,6,2,916
22,4,25,14,92,6,3,916
1,5,50,13,92,7,1,917
23,4,50,4,92,7,2,917
22,7,50,21,92,7,3,917
9,6,20,17,92,8,1,918
13,6,45,12,92,8,2,918
1,6,30,21,92,8,3,918
18,6,25,12,92,9,1,919
3,7,25,22,92,9,2,919
24,5,45,3,92,9,3,919
5,7,40,9,92,10,1,920
5,5,45,1,92,10,2,920
20,7,40,10,92,10,3,920
24,5,25,24,93,1,1,921
6,4,50,4,93,1,2,921
6,6,45,7,93,1,3,921
18,6,50,7,93,2,1,922
20,5,40,6,93,2,2,922
16,6,30,17,93,2,3,922
5,5,35,12,93,3,1,923
5,7,20,6,93,3,2,923
4,7,45,9,93,3,3,923
12,4,50,8,93,4,1,924
9,4,25,3,93,4,2,924
1,5,30,17,93,4,3,924
20,4,35,16,93,5,1,925
10,4,30,14,93,5,2,925
6,7,25,9,93,5,3,925
11,4,45,12,93,6,1,926
8,7,25,11,93,6,2,926
19,4,50,19,93,6,3,926
5,5,40,7,93,7,1,927
12,7,25,24,93,7,2,927
25,7,20,15,93,7,3,927
22,7,30,17,93,8,1,928
22,4,45,7,93,8,2,928
7,7,35,10,93,8,3,928
24,6,45,19,93,9,1,929
19,5,30,21,93,9,2,929
13,4,45,9,93,9,3,929
20,6,40,24,93,10,1,930
24,4,30,14,93,10,2,930
20,5,45,15,93,10,3,930
3,4,30,21,94,1,1,931
21,7,45,4,94,1,2,931
8,6,20,15,94,1,3,931
3,4,25,16,94,2,1,932
21,4,30,25,94,2,2,932
5,7,20,11,94,2,3,932
2,7,35,9,94,3,1,933
25,4,45,20,94,3,2,933
2,6,50,4,94,3,3,933
10,5,45,23,94,4,1,934
9,5,20,15,94,4,2,934
3,7,20,2,94,4,3,934
15,4,50,24,94,5,1,935
1,4,50,22,94,5,2,935
22,7,35,12,94,5,3,935
17,5,45,5,94,6,1,936
8,6,40,16,94,6,2,936
16,5,25,4,94,6,3,936
5,7,35,25,94,7,1,937
9,5,45,24,94,7,2,937
13,4,25,10,94,7,3,937
5,4,35,24,94,8,1,938
13,7,20,9,94,8,2,938
4,6,30,21,94,8,3,938
11,7,50,4,94,9,1,939
5,4,45,22,94,9,2,939
9,5,25,18,94,9,3,939
1,4,40,14,94,10,1,940
12,4,45,15,94,10,2,940
15,5,30,5,94,10,3,940
18,4,40,25,95,1,1,941
2,5,30,4,95,1,2,941
7,5,25,18,95,1,3,941
20,4,30,20,95,2,1,942
25,6,45,12,95,2,2,942
25,7,50,22,95,2,3,942
24,7,35,4,95,3,1,943
7,6,35,25,95,3,2,943
3,7,20,17,95,3,3,943
20,5,40,11,95,4,1,944
11,6,50,24,95,4,2,944
1,5,40,12,95,4,3,944
13,6,20,12,95,5,1,945
14,4,25,10,95,5,2,945
2,6,35,23,95,5,3,945
11,6,35,14,95,6,1,946
14,7,35,2,95,6,2,946
6,5,30,14,95,6,3,946
5,6,40,3,95,7,1,947
21,6,25,11,95,7,2,947
21,4,30,5,95,7,3,947
17,6,35,20,95,8,1,948
5,7,20,25,95,8,2,948
24,5,35,1,95,8,3,948
3,7,35,1,95,9,1,949
16,6,30,16,95,9,2,949
25,7,30,13,95,9,3,949
2,6,45,11,95,10,1,950
7,6,50,18,95,10,2,950
15,4,45,9,95,10,3,950
5,4,50,22,96,1,1,951
25,7,35,15,96,1,2,951
10,6,45,1,96,1,3,951
18,5,35,10,96,2,1,952
15,6,35,20,96,2,2,952
10,6,50,13,96,2,3,952
17,4,35,15,96,3,1,953
6,5,45,3,96,3,2,953
24,5,30,13,96,3,3,953
22,4,20,14,96,4,1,954
5,6,45,14,96,4,2,954
1,7,50,3,96,4,3,954
22,7,25,1,96,5,1,955
10,4,20,7,96,5,2,955
13,7,45,6,96,5,3,955
23,6,20,15,96,6,1,956
7,7,35,16,96,6,2,956
7,4,25,3,96,6,3,956
12,6,30,20,96,7,1,957
18,4,30,22,96,7,2,957
18,7,30,2,96,7,3,957
9,6,35,11,96,8,1,958
19,4,35,3,96,8,2,958
8,7,35,5,96,8,3,958
17,7,20,13,96,9,1,959
21,4,20,6,96,9,2,959
5,5,50,22,96,9,3,959
1,4,45,3,96,10,1,960
16,6,30,12,96,10,2,960
1,4,30,8,96,10,3,960
20,7,30,5,97,1,1,961
12,6,45,5,97,1,2,961
21,7,25,2,97,1,3,961
19,6,50,4,97,2,1,962
23,4,50,9,97,2,2,962
8,5,20,4,97,2,3,962
21,5,45,24,97,3,1,963
12,7,25,19,97,3,2,963
11,7,45,22,97,3,3,963
12,5,45,16,97,4,1,964
4,5,40,7,97,4,2,964
11,5,25,5,97,4,3,964
1,4,35,7,97,5,1,965
12,5,20,24,97,5,2,965
14,6,25,14,97,5,3,965
17,5,25,20,97,6,1,966
18,4,30,12,97,6,2,966
6,5,30,11,97,6,3,966
4,7,45,14,97,7,1,967
6,4,35,16,97,7,2,967
10,6,40,8,97,7,3,967
18,4,45,7,97,8,1,968
5,6,45,16,97,8,2,968
13,5,50,4,97,8,3,968
16,6,20,16,97,9,1,969
23,7,40,7,97,9,2,969
17,4,35,9,97,9,3,969
9,6,40,21,97,10,1,970
24,6,20,14,97,10,2,970
25,7,25,12,97,10,3,970
20,4,40,14,98,1,1,971
24,7,45,1,98,1,2,971
19,5,50,3,98,1,3,971
11,4,25,24,98,2,1,972
12,6,25,11,98,2,2,972
15,4,25,4,98,2,3,972
9,6,40,21,98,3,1,973
11,4,40,16,98,3,2,973
2,7,50,19,98,3,3,973
11,6,20,19,98,4,1,974
8,6,30,20,98,4,2,974
3,4,45,16,98,4,3,974
21,7,40,24,98,5,1,975
20,4,30,14,98,5,2,975
22,5,20,11,98,5,3,975
23,5,35,11,98,6,1,976
2,6,50,2,98,6,2,976
16,4,25,8,98,6,3,976
1,7,50,11,98,7,1,977
21,5,20,6,98,7,2,977
6,5,50,24,98,7,3,977
24,7,35,25,98,8,1,978
21,7,25,10,98,8,2,978
11,6,25,19,98,8,3,978
15,7,30,12,98,9,1,979
8,5,45,17,98,9,2,979
3,4,35,7,98,9,3,979
9,6,20,24,98,10,1,980
18,4,45,5,98,10,2,980
16,6,35,24,98,10,3,980
4,5,25,14,99,1,1,981
9,6,25,4,99,1,2,981
14,4,35,21,99,1,3,981
15,4,25,13,99,2,1,982
3,6,50,1,99,2,2,982
16,7,25,7,99,2,3,982
25,5,45,11,99,3,1,983
2,7,35,18,99,3,2,983
8,7,20,13,99,3,3,983
13,5,50,5,99,4,1,984
19,5,45,25,99,4,2,984
6,7,25,24,99,4,3,984
6,6,35,22,99,5,1,985
4,7,25,5,99,5,2,985
16,6,40,13,99,5,3,985
16,5,45,6,99,6,1,986
2,5,40,7,99,6,2,986
5,6,50,25,99,6,3,986
25,7,35,24,99,7,1,987
3,7,50,24,99,7,2,987
3,6,45,2,99,7,3,987
10,5,45,12,99,8,1,988
10,7,30,3,99,8,2,988
21,7,40,14,99,8,3,988
5,7,35,18,99,9,1,989
14,7,35,8,99,9,2,989
18,6,50,22,99,9,3,989
1,6,50,19,99,10,1,990
23,6,45,4,99,10,2,990
20,7,35,22,99,10,3,990
1,7,20,22,100,1,1,991
1,6,45,11,100,1,2,991
18,5,25,2,100,1,3,991
2,4,25,19,100,2,1,992
11,6,50,2,100,2,2,992
7,4,35,24,100,2,3,992
20,7,40,11,100,3,1,993
11,6,25,18,100,3,2,993
12,7,30,10,100,3,3,993
9,5,25,22,100,4,1,994
24,6,45,16,100,4,2,994
14,6,50,4,100,4,3,994
4,4,45,1,100,5,1,995
6,7,30,25,100,5,2,995
11,4,45,19,100,5,3,995
6,7,25,6,100,6,1,996
3,6,50,4,100,6,2,996
21,6,25,10,100,6,3,996
5,5,25,25,100,7,1,997
21,6,20,11,100,7,2,997
8,6,50,1,100,7,3,997
19,4,25,16,100,8,1,998
8,7,35,14,100,8,2,998
7,5,25,15,100,8,3,998
12,4,45,22,100,9,1,999
12,7,30,4,100,9,2,999
6,4,50,18,100,9,3,999
24,7,25,12,100,10,1,1000
3,5,30,19,100,10,2,1000
7,6,45,19,100,10,3,1000
21,7,35,15,101,1,1,1001
7,5,25,16,101,1,2,1001
24,4,25,8,101,1,3,1001
9,5,45,20,101,2,1,1002
6,6,20,8,101,2,2,1002
25,5,45,19,101,2,3,1002
23,5,45,24,101,3,1,1003
11,5,30,23,101,3,2,1003
18,6,40,22,101,3,3,1003
15,4,35,5,101,4,1,1004
14,7,40,18,101,4,2,1004
20,7,25,6,101,4,3,1004
18,6,40,25,101,5,1,1005
22,6,30,3,101,5,2,1005
16,5,40,23,101,5,3,1005
8,6,50,2,101,6,1,1006
12,5,20,8,101,6,2,1006
6,5,35,18,101,6,3,1006
4,5,35,3,101,7,1,1007
18,5,30,10,101,7,2,1007
16,5,40,5,101,7,3,1007
18,4,40,25,101,8,1,1008
6,6,50,20,101,8,2,1008
10,7,25,12,101,8,3,1008
4,6,35,2,101,9,1,1009
8,5,35,18,101,9,2,1009
16,5,40,7,101,9,3,1009
18,5,35,25,101,10,1,1010
19,4,45,9,101,10,2,1010
10,7,35,9,101,10,3,1010
21,4,50,11,102,1,1,1011
8,6,35,25,102,1,2,1011
8,6,30,8,102,1,3,1011
23,4,25,18,102,2,1,1012
18,6,35,5,102,2,2,1012
25,7,30,8,102,2,3,1012
15,4,30,19,102,3,1,1013
1,5,30,1,102,3,2,1013
16,4,20,4,102,3,3,1013
21,4,30,10,102,4,1,1014
7,6,40,11,102,4,2,1014
24,6,40,21,102,4,3,1014
13,4,50,4,102,5,1,1015
3,4,50,4,102,5,2,1015
19,4,25,2,102,5,3,1015
10,5,25,17,102,6,1,1016
1,7,30,9,102,6,2,1016
23,7,40,12,102,6,3,1016
11,4,20,15,102,7,1,1017
8,7,40,21,102,7,2,1017
11,5,25,12,102,7,3,1017
15,4,30,1,102,8,1,1018
2,7,50,8,102,8,2,1018
21,4,30,16,102,8,3,1018
14,6,30,6,102,9,1,1019
11,5,30,3,102,9,2,1019
17,4,45,6,102,9,3,1019
24,7,20,24,102,10,1,1020
4,6,20,14,102,10,2,1020
8,5,35,25,102,10,3,1020
19,7,35,10,103,1,1,1021
12,6,35,19,103,1,2,1021
16,6,45,1,103,1,3,1021
20,6,20,2,103,2,1,1022
22,4,20,22,103,2,2,1022
5,5,45,19,103,2,3,1022
21,6,50,18,103,3,1,1023
17,5,25,24,103,3,2,1023
25,5,20,4,103,3,3,1023
25,7,30,11,103,4,1,1024
19,7,45,7,103,4,2,1024
22,5,35,5,103,4,3,1024
5,7,50,2,103,5,1,1025
3,6,35,23,103,5,2,1025
10,7,20,15,103,5,3,1025
17,4,50,3,103,6,1,1026
15,5,30,14,103,6,2,1026
19,7,50,19,103,6,3,1026
16,4,45,5,103,7,1,1027
12,7,35,12,103,7,2,1027
22,5,40,23,103,7,3,1027
13,6,45,11,103,8,1,1028
1,4,45,1,103,8,2,1028
24,7,40,6,103,8,3,1028
25,7,45,6,103,9,1,1029
6,4,40,25,103,9,2,1029
3,7,40,7,103,9,3,1029
9,6,25,6,103,10,1,1030
4,5,40,9,103,10,2,1030
3,7,40,5,103,10,3,1030
13,4,35,19,104,1,1,1031
25,7,40,25,104,1,2,1031
13,7,40,6,104,1,3,1031
9,7,30,24,104,2,1,1032
24,5,30,10,104,2,2,1032
4,4,45,25,104,2,3,1032
25,5,50,17,104,3,1,1033
3,5,40,23,104,3,2,1033
6,6,45,21,104,3,3,1033
10,7,50,8,104,4,1,1034
15,6,35,1,104,4,2,1034
21,5,50,11,104,4,3,1034
23,5,35,24,104,5,1,1035
12,5,30,21,104,5,2,1035
19,5,45,6,104,5,3,1035
11,5,45,14,104,6,1,1036
14,4,35,4,104,6,2,1036
16,5,50,4,104,6,3,1036
13,6,35,23,104,7,1,1037
8,7,40,1,104,7,2,1037
21,5,25,13,104,7,3,1037
16,7,35,10,104,8,1,1038
8,4,20,17,104,8,2,1038
24,5,50,13,104,8,3,1038
10,5,20,7,104,9,1,1039
3,4,20,7,104,9,2,1039
25,7,45,20,104,9,3,1039
24,4,30,24,104,10,1,1040
10,4,50,6,104,10,2,1040
25,5,30,8,104,10,3,1040
20,6,40,15,105,1,1,1041
2,6,20,6,105,1,2,1041
14,6,25,24,105,1,3,1041
16,4,30,11,105,2,1,1042
14,4,45,20,105,2,2,1042
19,5,40,18,105,2,3,1042
23,5,35,5,105,3,1,1043
19,4,50,13,105,3,2,1043
7,7,50,10,105,3,3,1043
23,6,25,11,105,4,1,1044
8,6,40,21,105,4,2,1044
7,7,45,3,105,4,3,1044
17,6,25,23,105,5,1,1045
11,4,30,20,105,5,2,1045
14,7,50,14,105,5,3,1045
25,5,20,23,105,6,1,1046
23,6,45,10,105,6,2,1046
21,7,25,8,105,6,3,1046
23,6,35,8,105,7,1,1047
4,6,35,2,105,7,2,1047
22,7,40,9,105,7,3,1047
19,4,25,20,105,8,1,1048
18,4,40,8,105,8,2,1048
17,4,40,22,105,8,3,1048
9,7,40,17,105,9,1,1049
13,4,35,20,105,9,2,1049
6,5,45,7,105,9,3,1049
23,6,50,6,105,10,1,1050
5,6,45,16,105,10,2,1050
23,4,45,17,105,10,3,1050
6,6,35,7,106,1,1,1051
6,4,50,1,106,1,2,1051
15,6,50,10,106,1,3,1051
3,7,50,17,106,2,1,1052
9,5,25,22,106,2,2,1052
13,6,50,11,106,2,3,1052
7,5,45,2,106,3,1,1053
22,6,50,12,106,3,2,1053
20,7,45,19,106,3,3,1053
15,6,20,17,106,4,1,1054
8,4,40,23,106,4,2,1054
9,6,25,2,106,4,3,1054
20,7,45,3,106,5,1,1055
8,6,30,12,106,5,2,1055
13,6,25,8,106,5,3,1055
23,7,25,16,106,6,1,1056
18,6,40,7,106,6,2,1056
24,4,20,10,106,6,3,1056
5,5,45,17,106,7,1,1057
16,6,20,17,106,7,2,1057
2,6,50,22,106,7,3,1057
23,6,20,17,106,8,1,1058
8,4,40,14,106,8,2,1058
1,5,45,8,106,8,3,1058
13,6,50,14,106,9,1,1059
16,6,30,1,106,9,2,1059
21,7,20,4,106,9,3,1059
7,6,35,25,106,10,1,1060
17,4,30,10,106,10,2,1060
16,5,35,4,106,10,3,1060
21,5,25,22,107,1,1,1061
21,6,45,6,107,1,2,1061
5,7,40,18,107,1,3,1061
7,5,40,7,107,2,1,1062
6,7,20,17,107,2,2,1062
3,4,50,4,107,2,3,1062
9,7,25,10,107,3,1,1063
20,6,50,1,107,3,2,1063
19,5,50,12,107,3,3,1063
15,5,40,24,107,4,1,1064
1,4,45,11,107,4,2,1064
3,6,20,1,107,4,3,1064
23,5,35,13,107,5,1,1065
17,4,30,16,107,5,2,1065
20,6,45,10,107,5,3,1065
10,5,25,16,107,6,1,1066
13,5,35,25,107,6,2,1066
1,5,40,25,107,6,3,1066
13,6,45,15,107,7,1,1067
19,6,40,13,107,7,2,1067
24,5,40,14,107,7,3,1067
20,5,35,11,107,8,1,1068
10,7,30,11,107,8,2,1068
7,7,50,25,107,8,3,1068
5,4,45,10,107,9,1,1069
6,4,50,5,107,9,2,1069
24,6,40,16,107,9,3,1069
4,6,45,24,107,10,1,1070
22,7,45,7,107,10,2,1070
3,5,35,17,107,10,3,1070
15,7,25,4,108,1,1,1071
1,5,40,19,108,1,2,1071
8,4,40,17,108,1,3,1071
7,5,30,1,108,2,1,1072
3,4,30,23,108,2,2,1072
13,5,20,19,108,2,3,1072
21,7,25,1,108,3,1,1073
22,4,25,22,108,3,2,1073
6,5,40,1,108,3,3,1073
3,6,20,19,108,4,1,1074
5,5,50,20,108,4,2,1074
3,7,45,7,108,4,3,1074
20,7,45,10,108,5,1,1075
22,4,40,2,108,5,2,1075
12,4,30,23,108,5,3,1075
13,7,30,6,108,6,1,1076
23,7,20,20,108,6,2,1076
8,7,40,7,108,6,3,1076
2,5,35,13,108,7,1,1077
14,6,45,22,108,7,2,1077
18,7,35,11,108,7,3,1077
11,6,40,19,108,8,1,1078
19,5,25,7,108,8,2,1078
1,6,40,6,108,8,3,1078
9,4,45,17,108,9,1,1079
14,7,50,23,108,9,2,1079
18,6,20,15,108,9,3,1079
9,4,40,7,108,10,1,1080
12,7,25,21,108,10,2,1080
1,5,35,6,108,10,3,1080
15,6,30,24,109,1,1,1081
8,6,20,20,109,1,2,1081
15,7,35,3,109,1,3,1081
7,5,40,16,109,2,1,1082
4,4,30,5,109,2,2,1082
2,4,20,20,109,2,3,1082
12,4,50,8,109,3,1,1083
3,7,40,1,109,3,2,1083
11,7,25,20,109,3,3,1083
11,6,30,2,109,4,1,1084
12,6,50,5,109,4,2,1084
22,6,35,24,109,4,3,1084
9,7,40,1,109,5,1,1085
24,5,40,14,109,5,2,1085
6,6,50,17,109,5,3,1085
20,5,30,20,109,6,1,1086
2,6,20,17,109,6,2,1086
15,6,20,14,109,6,3,1086
19,4,45,18,109,7,1,1087
23,6,35,5,109,7,2,1087
4,7,35,19,109,7,3,1087
13,6,30,22,109,8,1,1088
10,4,35,20,109,8,2,1088
6,5,40,1,109,8,3,1088
9,7,20,22,109,9,1,1089
17,4,45,4,109,9,2,1089
17,7,20,11,109,9,3,1089
3,5,50,8,109,10,1,1090
6,7,50,10,109,10,2,1090
22,7,30,17,109,10,3,1090
5,6,30,12,110,1,1,1091
22,7,25,21,110,1,2,1091
23,5,45,25,110,1,3,1091
9,5,35,12,110,2,1,1092
15,7,30,21,110,2,2,1092
13,5,30,14,110,2,3,1092
23,4,30,23,110,3,1,1093
24,4,45,13,110,3,2,1093
4,4,40,18,110,3,3,1093
9,5,50,13,110,4,1,1094
14,5,45,12,110,4,2,1094
13,4,35,18,110,4,3,1094
24,5,25,14,110,5,1,1095
16,6,50,3,110,5,2,1095
15,7,30,19,110,5,3,1095
21,5,30,16,110,6,1,1096
8,6,45,14,110,6,2,1096
3,7,35,6,110,6,3,1096
2,7,20,11,110,7,1,1097
11,7,40,4,110,7,2,1097
3,6,30,17,110,7,3,1097
11,7,35,20,110,8,1,1098
3,4,40,9,110,8,2,1098
3,6,50,1,110,8,3,1098
2,6,20,8,110,9,1,1099
7,5,45,5,110,9,2,1099
18,6,40,19,110,9,3,1099
14,4,50,25,110,10,1,1100
11,5,25,8,110,10,2,1100
15,4,40,9,110,10,3,1100
16,6,40,1,111,1,1,1101
2,5,50,5,111,1,2,1101
16,4,45,10,111,1,3,1101
7,6,50,16,111,2,1,1102
13,4,45,6,111,2,2,1102
18,5,50,24,111,2,3,1102
25,7,50,22,111,3,1,1103
21,7,25,25,111,3,2,1103
6,4,25,20,111,3,3,1103
4,5,25,2,111,4,1,1104
10,7,35,16,111,4,2,1104
13,4,50,24,111,4,3,1104
23,4,45,23,111,5,1,1105
17,7,50,11,111,5,2,1105
1,6,45,21,111,5,3,1105
18,5,45,24,111,6,1,1106
14,5,30,15,111,6,2,1106
3,7,35,10,111,6,3,1106
21,6,45,11,111,7,1,1107
6,6,50,12,111,7,2,1107
12,4,20,22,111,7,3,1107
24,4,40,10,111,8,1,1108
11,6,50,22,111,8,2,1108
13,4,30,16,111,8,3,1108
4,5,20,12,111,9,1,1109
3,7,35,23,111,9,2,1109
2,6,25,1,111,9,3,1109
23,4,45,8,111,10,1,1110
17,7,40,5,111,10,2,1110
25,5,30,15,111,10,3,1110
17,6,40,10,112,1,1,1111
17,4,30,25,112,1,2,1111
4,4,45,6,112,1,3,1111
19,7,45,13,112,2,1,1112
13,7,35,2,112,2,2,1112
11,6,35,15,112,2,3,1112
4,5,50,17,112,3,1,1113
15,5,30,9,112,3,2,1113
18,4,50,4,112,3,3,1113
14,4,30,24,112,4,1,1114
23,7,50,23,112,4,2,1114
20,5,40,18,112,4,3,1114
9,5,25,7,112,5,1,1115
14,4,25,23,112,5,2,1115
18,5,35,16,112,5,3,1115
3,5,40,3,112,6,1,1116
25,6,35,16,112,6,2,1116
5,6,20,18,112,6,3,1116
3,4,20,14,112,7,1,1117
15,5,35,6,112,7,2,1117
16,7,20,6,112,7,3,1117
18,5,20,14,112,8,1,1118
7,6,20,24,112,8,2,1118
17,4,50,18,112,8,3,1118
5,6,25,17,112,9,1,1119
25,6,20,6,112,9,2,1119
1,5,20,2,112,9,3,1119
10,7,20,22,112,10,1,1120
12,6,20,4,112,10,2,1120
5,4,35,17,112,10,3,1120
11,6,45,13,113,1,1,1121
23,6,30,16,113,1,2,1121
24,4,50,7,113,1,3,1121
1,6,25,25,113,2,1,1122
13,4,45,22,113,2,2,1122
13,5,35,4,113,2,3,1122
11,4,50,15,113,3,1,1123
9,6,20,21,113,3,2,1123
11,5,30,1,113,3,3,1123
1,7,30,25,113,4,1,1124
20,5,25,9,113,4,2,1124
4,7,30,9,113,4,3,1124
23,4,40,13,113,5,1,1125
21,7,40,12,113,5,2,1125
13,6,45,18,113,5,3,1125
3,4,20,12,113,6,1,1126
15,6,40,21,113,6,2,1126
23,7,20,16,113,6,3,1126
13,6,40,19,113,7,1,1127
10,6,25,21,113,7,2,1127
10,6,20,17,113,7,3,1127
23,4,25,16,113,8,1,1128
5,7,20,10,113,8,2,1128
1,6,40,21,113,8,3,1128
10,7,35,16,113,9,1,1129
22,4,30,15,113,9,2,1129
1,6,45,5,113,9,3,1129
19,6,45,4,113,10,1,1130
7,5,45,20,113,10,2,1130
17,6,45,15,113,10,3,1130
1,6,20,10,114,1,1,1131
1,5,35,20,114,1,2,1131
20,7,25,25,114,1,3,1131
13,6,35,21,114,2,1,1132
24,7,50,12,114,2,2,1132
13,6,50,20,114,2,3,1132
11,7,30,24,114,3,1,1133
5,7,25,8,114,3,2,1133
11,4,50,18,114,3,3,1133
13,4,30,16,114,4,1,1134
16,4,50,19,114,4,2,1134
23,7,45,16,114,4,3,1134
4,5,20,24,114,5,1,1135
14,7,30,21,114,5,2,1135
7,5,30,24,114,5,3,1135
6,6,40,20,114,6,1,1136
7,6,30,7,114,6,2,1136
10,7,25,9,114,6,3,1136
21,6,30,15,114,7,1,1137
15,6,40,6,114,7,2,1137
18,7,30,13,114,7,3,1137
16,5,30,17,114,8,1,1138
10,5,35,3,114,8,2,1138
14,7,25,22,114,8,3,1138
4,7,45,18,114,9,1,1139
22,5,45,23,114,9,2,1139
24,4,50,5,114,9,3,1139
16,7,45,1,114,10,1,1140
22,5,35,18,114,10,2,1140
17,4,25,12,114,10,3,1140
1,6,40,7,115,1,1,1141
18,4,30,9,115,1,2,1141
22,7,50,5,115,1,3,1141
22,6,50,17,115,2,1,1142
12,7,35,22,115,2,2,1142
24,6,20,13,115,2,3,1142
25,5,30,14,115,3,1,1143
8,7,40,16,115,3,2,1143
9,7,40,2,115,3,3,1143
11,4,25,19,115,4,1,1144
12,7,35,7,115,4,2,1144
11,7,25,25,115,4,3,1144
16,7,25,13,115,5,1,1145
9,6,20,7,115,5,2,1145
15,6,25,18,115,5,3,1145
7,5,20,2,115,6,1,1146
11,5,40,8,115,6,2,1146
3,5,40,24,115,6,3,1146
15,6,35,2,115,7,1,1147
10,7,20,10,115,7,2,1147
7,4,45,12,115,7,3,1147
10,5,40,3,115,8,1,1148
10,5,35,9,115,8,2,1148
3,7,25,14,115,8,3,1148
21,6,30,2,115,9,1,1149
20,5,25,25,115,9,2,1149
4,6,30,11,115,9,3,1149
13,4,20,13,115,10,1,1150
24,4,25,21,115,10,2,1150
15,4,25,14,115,10,3,1150
2,6,50,2,116,1,1,1151
3,6,25,23,116,1,2,1151
5,5,30,7,116,1,3,1151
11,5,50,15,116,2,1,1152
6,4,35,5,116,2,2,1152
12,7,20,11,116,2,3,1152
10,5,40,7,116,3,1,1153
9,6,45,15,116,3,2,1153
24,4,25,2,116,3,3,1153
19,6,40,16,116,4,1,1154
21,5,25,4,116,4,2,1154
20,7,45,22,116,4,3,1154
19,6,25,5,116,5,1,1155
2,6,40,17,116,5,2,1155
22,7,30,4,116,5,3,1155
3,6,50,14,116,6,1,1156
21,7,40,9,116,6,2,1156
21,7,35,2,116,6,3,1156
23,5,45,24,116,7,1,1157
19,4,45,14,116,7,2,1157
13,4,50,12,116,7,3,1157
10,6,20,20,116,8,1,1158
11,7,20,16,116,8,2,1158
23,4,35,15,116,8,3,1158
18,5,40,21,116,9,1,1159
1,6,45,10,116,9,2,1159
16,4,35,16,116,9,3,1159
7,6,20,5,116,10,1,1160
17,7,25,19,116,10,2,1160
8,7,20,17,116,10,3,1160
18,5,45,1,117,1,1,1161
12,7,25,17,117,1,2,1161
6,5,40,8,117,1,3,1161
6,5,30,22,117,2,1,1162
2,4,45,13,117,2,2,1162
8,4,40,7,117,2,3,1162
9,6,25,14,117,3,1,1163
8,6,45,23,117,3,2,1163
1,7,25,6,117,3,3,1163
4,5,45,20,117,4,1,1164
12,5,40,24,117,4,2,1164
19,5,45,12,117,4,3,1164
5,5,25,5,117,5,1,1165
19,4,20,17,117,5,2,1165
19,6,20,22,117,5,3,1165
5,7,35,23,117,6,1,1166
1,5,30,24,117,6,2,1166
6,5,30,6,117,6,3,1166
25,5,35,4,117,7,1,1167
8,7,30,15,117,7,2,1167
18,7,20,3,117,7,3,1167
9,7,30,20,117,8,1,1168
6,7,50,5,117,8,2,1168
16,5,45,19,117,8,3,1168
2,6,35,12,117,9,1,1169
4,5,40,12,117,9,2,1169
13,5,30,19,117,9,3,1169
17,4,25,15,117,10,1,1170
19,7,50,22,117,10,2,1170
15,7,30,7,117,10,3,1170
17,6,45,6,118,1,1,1171
4,4,20,24,118,1,2,1171
21,6,30,13,118,1,3,1171
25,4,20,15,118,2,1,1172
11,5,20,21,118,2,2,1172
16,5,45,15,118,2,3,1172
14,4,20,22,118,3,1,1173
8,5,35,15,118,3,2,1173
4,6,40,9,118,3,3,1173
12,7,40,15,118,4,1,1174
10,4,40,20,118,4,2,1174
25,7,35,8,118,4,3,1174
25,7,35,8,118,5,1,1175
3,4,40,20,118,5,2,1175
14,7,30,12,118,5,3,1175
9,5,40,24,118,6,1,1176
1,4,50,10,118,6,2,1176
13,4,25,11,118,6,3,1176
11,5,50,7,118,7,1,1177
15,5,25,22,118,7,2,1177
20,6,25,14,118,7,3,1177
19,6,30,10,118,8,1,1178
11,6,40,25,118,8,2,1178
25,7,35,20,118,8,3,1178
2,7,35,3,118,9,1,1179
23,4,40,4,118,9,2,1179
5,6,30,25,118,9,3,1179
7,7,30,18,118,10,1,1180
11,6,25,8,118,10,2,1180
22,4,40,15,118,10,3,1180
5,4,45,17,119,1,1,1181
7,7,30,21,119,1,2,1181
16,7,25,17,119,1,3,1181
20,6,40,13,119,2,1,1182
9,7,30,7,119,2,2,1182
5,4,40,21,119,2,3,1182
12,6,25,8,119,3,1,1183
11,6,50,15,119,3,2,1183
11,6,50,15,119,3,3,1183
23,7,40,1,119,4,1,1184
8,4,35,19,119,4,2,1184
18,5,50,6,119,4,3,1184
6,7,50,5,119,5,1,1185
7,4,45,10,119,5,2,1185
24,6,20,22,119,5,3,1185
5,4,25,14,119,6,1,1186
8,6,35,18,119,6,2,1186
8,4,40,2,119,6,3,1186
8,5,40,25,119,7,1,1187
7,5,45,4,119,7,2,1187
19,5,45,18,119,7,3,1187
14,6,25,3,119,8,1,1188
12,7,45,20,119,8,2,1188
17,6,30,14,119,8,3,1188
1,7,50,11,119,9,1,1189
9,4,20,3,119,9,2,1189
21,4,50,5,119,9,3,1189
2,6,35,4,119,10,1,1190
24,6,30,22,119,10,2,1190
15,6,50,5,119,10,3,1190
14,6,50,9,120,1,1,1191
21,5,35,1,120,1,2,1191
12,4,20,21,120,1,3,1191
17,5,35,8,120,2,1,1192
9,7,20,2,120,2,2,1192
19,5,20,4,120,2,3,1192
7,4,50,11,120,3,1,1193
11,6,20,12,120,3,2,1193
25,7,20,3,120,3,3,1193
14,5,20,7,120,4,1,1194
7,7,35,9,120,4,2,1194
8,5,50,9,120,4,3,1194
7,5,20,17,120,5,1,1195
11,6,40,24,120,5,2,1195
1,7,30,20,120,5,3,1195
7,6,45,15,120,6,1,1196
8,5,50,15,120,6,2,1196
2,4,40,12,120,6,3,1196
5,5,20,22,120,7,1,1197
17,6,40,12,120,7,2,1197
14,4,40,3,120,7,3,1197
15,7,25,3,120,8,1,1198
5,5,35,4,120,8,2,1198
14,6,50,4,120,8,3,1198
2,6,40,16,120,9,1,1199
4,6,20,13,120,9,2,1199
2,7,35,15,120,9,3,1199
14,5,25,12,120,10,1,1200
22,7,50,25,120,10,2,1200
5,4,45,5,120,10,3,1200
3,4,50,15,121,1,1,1201
10,5,40,3,121,1,2,1201
1,6,45,11,121,1,3,1201
14,4,20,3,121,2,1,1202
12,7,35,1,121,2,2,1202
14,5,40,24,121,2,3,1202
9,7,40,18,121,3,1,1203
16,6,50,17,121,3,2,1203
17,6,35,14,121,3,3,1203
20,4,20,10,121,4,1,1204
23,6,20,21,121,4,2,1204
20,6,30,16,121,4,3,1204
15,5,40,6,121,5,1,1205
2,6,50,9,121,5,2,1205
17,6,30,1,121,5,3,1205
13,5,45,22,121,6,1,1206
4,5,45,7,121,6,2,1206
25,7,25,16,121,6,3,1206
5,5,30,14,121,7,1,1207
21,5,30,15,121,7,2,1207
21,5,25,25,121,7,3,1207
2,4,50,16,121,8,1,1208
5,5,25,14,121,8,2,1208
15,4,20,3,121,8,3,1208
10,7,35,12,121,9,1,1209
6,7,35,11,121,9,2,1209
1,6,30,4,121,9,3,1209
15,5,50,6,121,10,1,1210
6,6,25,25,121,10,2,1210
9,7,50,6,121,10,3,1210
20,4,45,3,122,1,1,1211
12,5,20,14,122,1,2,1211
2,7,20,11,122,1,3,1211
16,4,35,10,122,2,1,1212
11,6,35,24,122,2,2,1212
18,4,35,15,122,2,3,1212
11,4,30,6,122,3,1,1213
22,5,25,3,122,3,2,1213
10,6,40,25,122,3,3,1213
21,7,40,6,122,4,1,1214
7,4,30,12,122,4,2,1214
5,4,45,15,122,4,3,1214
20,7,45,11,122,5,1,1215
15,7,20,17,122,5,2,1215
23,6,25,12,122,5,3,1215
25,7,45,10,122,6,1,1216
20,6,30,7,122,6,2,1216
23,6,50,2,122,6,3,1216
6,5,25,23,122,7,1,1217
8,4,50,9,122,7,2,1217
3,5,25,17,122,7,3,1217
11,6,50,12,122,8,1,1218
24,7,40,2,122,8,2,1218
12,4,40,3,122,8,3,1218
14,6,20,17,122,9,1,1219
8,7,20,19,122,9,2,1219
8,7,40,12,122,9,3,1219
13,7,45,5,122,10,1,1220
22,7,25,17,122,10,2,1220
21,6,20,9,122,10,3,1220
7,4,45,20,123,1,1,1221
5,4,30,19,123,1,2,1221
23,7,25,1,123,1,3,1221
19,5,20,22,123,2,1,1222
6,4,20,17,123,2,2,1222
18,5,45,25,123,2,3,1222
10,4,25,22,123,3,1,1223
15,6,20,13,123,3,2,1223
11,7,25,2,123,3,3,1223
21,7,25,11,123,4,1,1224
24,5,45,13,123,4,2,1224
5,7,35,18,123,4,3,1224
25,4,35,24,123,5,1,1225
24,4,40,13,123,5,2,1225
23,7,25,21,123,5,3,1225
5,4,30,7,123,6,1,1226
22,4,40,11,123,6,2,1226
24,5,45,18,123,6,3,1226
20,4,50,24,123,7,1,1227
16,4,30,13,123,7,2,1227
12,4,30,21,123,7,3,1227
9,6,45,7,123,8,1,1228
11,4,50,20,123,8,2,1228
5,5,40,17,123,8,3,1228
19,6,30,13,123,9,1,1229
8,5,35,17,123,9,2,1229
10,5,45,17,123,9,3,1229
3,6,20,2,123,10,1,1230
21,6,35,13,123,10,2,1230
21,5,35,12,123,10,3,1230
18,5,35,17,124,1,1,1231
25,6,45,15,124,1,2,1231
19,7,20,9,124,1,3,1231
5,5,45,9,124,2,1,1232
3,5,35,3,124,2,2,1232
20,5,40,12,124,2,3,1232
22,6,45,10,124,3,1,1233
16,4,25,21,124,3,2,1233
7,5,50,5,124,3,3,1233
14,7,35,12,124,4,1,1234
15,6,35,23,124,4,2,1234
10,7,50,25,124,4,3,1234
2,7,35,17,124,5,1,1235
6,7,50,12,124,5,2,1235
5,4,40,7,124,5,3,1235
1,5,40,10,124,6,1,1236
23,6,50,7,124,6,2,1236
19,5,20,10,124,6,3,1236
10,6,35,24,124,7,1,1237
14,6,50,19,124,7,2,1237
12,7,50,1,124,7,3,1237
22,6,40,1,124,8,1,1238
9,6,20,11,124,8,2,1238
14,5,50,24,124,8,3,1238
11,4,40,7,124,9,1,1239
16,5,30,12,124,9,2,1239
19,7,40,13,124,9,3,1239
14,7,40,24,124,10,1,1240
5,5,50,11,124,10,2,1240
8,7,50,16,124,10,3,1240
18,7,35,10,125,1,1,1241
10,6,30,16,125,1,2,1241
8,4,30,19,125,1,3,1241
13,4,20,5,125,2,1,1242
18,5,25,19,125,2,2,1242
5,4,25,11,125,2,3,1242
6,5,45,1,125,3,1,1243
19,7,30,8,125,3,2,1243
1,7,35,21,125,3,3,1243
15,4,25,15,125,4,1,1244
15,7,40,20,125,4,2,1244
1,7,45,7,125,4,3,1244
5,4,30,12,125,5,1,1245
6,5,45,15,125,5,2,1245
20,4,30,21,125,5,3,1245
4,6,35,1,125,6,1,1246
12,4,20,10,125,6,2,1246
5,5,20,12,125,6,3,1246
24,4,50,21,125,7,1,1247
10,7,20,11,125,7,2,1247
12,6,20,18,125,7,3,1247
12,4,40,25,125,8,1,1248
9,6,45,16,125,8,2,1248
5,7,50,23,125,8,3,1248
22,5,40,1,125,9,1,1249
3,4,40,10,125,9,2,1249
10,6,30,7,125,9,3,1249
18,5,30,23,125,10,1,1250
20,6,50,25,125,10,2,1250
23,5,45,10,125,10,3,1250
20,4,20,5,126,1,1,1251
2,6,30,2,126,1,2,1251
15,5,45,13,126,1,3,1251
12,7,35,2,126,2,1,1252
2,5,25,23,126,2,2,1252
18,5,40,9,126,2,3,1252
13,6,25,18,126,3,1,1253
10,6,30,15,126,3,2,1253
4,7,35,22,126,3,3,1253
1,7,35,21,126,4,1,1254
18,5,45,18,126,4,2,1254
18,7,30,7,126,4,3,1254
9,7,20,6,126,5,1,1255
9,6,20,8,126,5,2,1255
18,4,50,25,126,5,3,1255
21,6,20,5,126,6,1,1256
16,4,20,17,126,6,2,1256
2,6,45,4,126,6,3,1256
9,5,25,19,126,7,1,1257
4,6,35,1,126,7,2,1257
8,6,45,3,126,7,3,1257
4,6,30,17,126,8,1,1258
3,4,30,13,126,8,2,1258
21,7,30,11,126,8,3,1258
14,5,25,4,126,9,1,1259
23,7,25,20,126,9,2,1259
3,6,45,6,126,9,3,1259
4,7,20,20,126,10,1,1260
8,4,45,16,126,10,2,1260
19,5,45,4,126,10,3,1260
16,5,25,19,127,1,1,1261
4,5,35,18,127,1,2,1261
1,6,20,22,127,1,3,1261
17,4,30,7,127,2,1,1262
3,4,50,18,127,2,2,1262
4,4,20,25,127,2,3,1262
25,4,50,4,127,3,1,1263
20,5,30,12,127,3,2,1263
12,7,35,18,127,3,3,1263
14,6,20,1,127,4,1,1264
18,6,25,1,127,4,2,1264
3,7,40,14,127,4,3,1264
1,7,45,2,127,5,1,1265
20,7,30,2,127,5,2,1265
1,6,25,15,127,5,3,1265
20,4,30,12,127,6,1,1266
23,5,30,11,127,6,2,1266
25,5,30,2,127,6,3,1266
20,4,40,6,127,7,1,1267
10,7,50,24,127,7,2,1267
18,4,20,9,127,7,3,1267
9,5,25,17,127,8,1,1268
3,4,50,24,127,8,2,1268
25,4,45,23,127,8,3,1268
3,4,40,5,127,9,1,1269
13,5,50,4,127,9,2,1269
24,4,35,15,127,9,3,1269
13,5,20,13,127,10,1,1270
13,6,35,20,127,10,2,1270
20,4,20,11,127,10,3,1270
18,5,50,5,128,1,1,1271
19,4,20,13,128,1,2,1271
9,7,40,7,128,1,3,1271
14,5,20,3,128,2,1,1272
10,5,50,14,128,2,2,1272
7,6,50,25,128,2,3,1272
3,4,20,21,128,3,1,1273
2,7,35,24,128,3,2,1273
8,5,30,5,128,3,3,1273
1,4,50,22,128,4,1,1274
21,6,35,22,128,4,2,1274
7,7,20,19,128,4,3,1274
20,5,25,24,128,5,1,1275
4,4,40,5,128,5,2,1275
19,5,30,24,128,5,3,1275
17,4,30,12,128,6,1,1276
5,6,45,23,128,6,2,1276
14,5,25,4,128,6,3,1276
5,5,20,13,128,7,1,1277
6,7,50,8,128,7,2,1277
23,5,50,21,128,7,3,1277
15,4,30,3,128,8,1,1278
4,6,50,25,128,8,2,1278
7,7,35,19,128,8,3,1278
1,7,20,1,128,9,1,1279
12,7,35,21,128,9,2,1279
23,7,45,15,128,9,3,1279
14,6,35,16,128,10,1,1280
3,4,40,6,128,10,2,1280
14,5,25,20,128,10,3,1280
3,5,45,19,129,1,1,1281
17,7,50,17,129,1,2,1281
7,7,20,10,129,1,3,1281
2,4,45,15,129,2,1,1282
25,7,50,11,129,2,2,1282
17,4,50,4,129,2,3,1282
4,4,35,6,129,3,1,1283
7,4,50,13,129,3,2,1283
13,7,40,5,129,3,3,1283
8,6,30,1,129,4,1,1284
15,5,20,25,129,4,2,1284
9,6,35,11,129,4,3,1284
20,4,20,5,129,5,1,1285
25,6,20,17,129,5,2,1285
23,7,50,2,129,5,3,1285
12,4,35,20,129,6,1,1286
20,6,20,18,129,6,2,1286
15,7,50,12,129,6,3,1286
17,6,50,7,129,7,1,1287
15,7,45,16,129,7,2,1287
17,7,20,12,129,7,3,1287
15,4,50,25,129,8,1,1288
7,6,30,1,129,8,2,1288
20,4,25,3,129,8,3,1288
5,7,45,6,129,9,1,1289
1,7,30,10,129,9,2,1289
14,6,35,17,129,9,3,1289
18,5,35,21,129,10,1,1290
8,7,30,2,129,10,2,1290
7,6,25,5,129,10,3,1290
25,7,20,16,130,1,1,1291
25,6,30,5,130,1,2,1291
12,7,45,10,130,1,3,1291
23,4,45,1,130,2,1,1292
18,5,20,16,130,2,2,1292
23,5,35,20,130,2,3,1292
21,4,20,13,130,3,1,1293
21,6,45,8,130,3,2,1293
22,6,45,13,130,3,3,1293
13,5,20,6,130,4,1,1294
17,7,20,22,130,4,2,1294
10,6,45,13,130,4,3,1294
4,7,25,20,130,5,1,1295
19,4,20,3,130,5,2,1295
6,6,20,12,130,5,3,1295
11,4,50,11,130,6,1,1296
10,7,20,14,130,6,2,1296
6,4,50,22,130,6,3,1296
24,4,20,9,130,7,1,1297
2,4,20,7,130,7,2,1297
12,6,40,16,130,7,3,1297
16,4,25,8,130,8,1,1298
20,5,35,14,130,8,2,1298
18,5,20,8,130,8,3,1298
2,7,40,24,130,9,1,1299
18,4,35,1,130,9,2,1299
7,6,45,6,130,9,3,1299
25,5,40,13,130,10,1,1300
22,5,25,9,130,10,2,1300
5,6,35,17,130,10,3,1300
20,6,50,25,131,1,1,1301
9,4,35,4,131,1,2,1301
11,6,45,23,131,1,3,1301
1,6,20,12,131,2,1,1302
2,4,50,11,131,2,2,1302
9,4,30,9,131,2,3,1302
21,7,20,13,131,3,1,1303
5,7,50,6,131,3,2,1303
19,6,25,6,131,3,3,1303
17,5,40,12,131,4,1,1304
20,7,45,24,131,4,2,1304
11,4,35,2,131,4,3,1304
6,7,50,17,131,5,1,1305
1,4,25,6,131,5,2,1305
6,4,45,14,131,5,3,1305
2,7,35,19,131,6,1,1306
3,5,50,9,131,6,2,1306
7,4,20,23,131,6,3,1306
9,5,30,24,131,7,1,1307
22,4,45,13,131,7,2,1307
10,4,50,21,131,7,3,1307
24,6,45,24,131,8,1,1308
11,4,25,20,131,8,2,1308
25,4,30,6,131,8,3,1308
3,5,50,18,131,9,1,1309
10,6,50,2,131,9,2,1309
20,7,35,22,131,9,3,1309
5,4,45,16,131,10,1,1310
8,4,25,8,131,10,2,1310
12,4,25,14,131,10,3,1310
9,7,30,14,132,1,1,1311
1,5,45,22,132,1,2,1311
2,5,25,4,132,1,3,1311
23,6,25,1,132,2,1,1312
11,7,20,10,132,2,2,1312
2,6,35,6,132,2,3,1312
6,6,35,20,132,3,1,1313
3,6,35,13,132,3,2,1313
19,7,25,14,132,3,3,1313
17,7,45,18,132,4,1,1314
14,4,40,14,132,4,2,1314
10,7,45,19,132,4,3,1314
1,6,35,5,132,5,1,1315
4,7,40,13,132,5,2,1315
3,4,30,8,132,5,3,1315
16,4,50,15,132,6,1,1316
9,4,20,2,132,6,2,1316
1,5,35,10,132,6,3,1316
14,6,45,11,132,7,1,1317
16,4,20,23,132,7,2,1317
12,5,40,24,132,7,3,1317
18,6,20,14,132,8,1,1318
10,4,25,4,132,8,2,1318
4,5,40,6,132,8,3,1318
22,4,50,16,132,9,1,1319
10,5,35,16,132,9,2,1319
21,5,35,20,132,9,3,1319
24,6,25,6,132,10,1,1320
21,4,40,14,132,10,2,1320
7,5,25,25,132,10,3,1320
11,6,45,20,133,1,1,1321
7,5,30,10,133,1,2,1321
23,6,40,13,133,1,3,1321
10,5,50,18,133,2,1,1322
10,5,45,2,133,2,2,1322
13,7,45,3,133,2,3,1322
9,4,50,23,133,3,1,1323
2,6,40,6,133,3,2,1323
16,6,30,5,133,3,3,1323
24,7,35,16,133,4,1,1324
16,7,50,8,133,4,2,1324
15,4,35,11,133,4,3,1324
8,6,30,12,133,5,1,1325
18,4,45,6,133,5,2,1325
4,7,40,4,133,5,3,1325
3,6,40,10,133,6,1,1326
25,6,45,14,133,6,2,1326
16,5,35,24,133,6,3,1326
9,4,50,25,133,7,1,1327
5,7,35,2,133,7,2,1327
13,5,25,15,133,7,3,1327
20,6,20,17,133,8,1,1328
6,4,25,15,133,8,2,1328
16,5,45,5,133,8,3,1328
20,5,40,4,133,9,1,1329
3,5,50,18,133,9,2,1329
8,4,45,16,133,9,3,1329
4,7,50,3,133,10,1,1330
15,7,25,19,133,10,2,1330
4,5,20,22,133,10,3,1330
25,6,20,9,134,1,1,1331
7,6,20,18,134,1,2,1331
23,4,45,11,134,1,3,1331
22,6,20,25,134,2,1,1332
1,4,20,11,134,2,2,1332
1,6,45,19,134,2,3,1332
16,4,35,7,134,3,1,1333
4,5,30,21,134,3,2,1333
1,4,40,17,134,3,3,1333
12,4,20,11,134,4,1,1334
12,4,50,7,134,4,2,1334
12,5,40,18,134,4,3,1334
6,5,45,11,134,5,1,1335
24,4,40,14,134,5,2,1335
23,4,30,2,134,5,3,1335
5,4,45,25,134,6,1,1336
14,4,25,23,134,6,2,1336
7,6,45,2,134,6,3,1336
24,4,30,9,134,7,1,1337
20,5,50,9,134,7,2,1337
6,7,40,3,134,7,3,1337
25,4,35,7,134,8,1,1338
14,4,30,18,134,8,2,1338
20,4,30,17,134,8,3,1338
24,5,25,14,134,9,1,1339
19,7,45,6,134,9,2,1339
23,7,25,24,134,9,3,1339
4,6,35,19,134,10,1,1340
5,5,20,1,134,10,2,1340
16,6,35,4,134,10,3,1340
12,6,30,6,135,1,1,1341
6,7,25,16,135,1,2,1341
1,7,30,19,135,1,3,1341
20,6,30,4,135,2,1,1342
4,5,40,5,135,2,2,1342
22,4,50,17,135,2,3,1342
8,7,30,1,135,3,1,1343
11,6,20,4,135,3,2,1343
11,4,35,22,135,3,3,1343
18,4,35,7,135,4,1,1344
16,6,45,1,135,4,2,1344
12,7,45,19,135,4,3,1344
22,6,50,8,135,5,1,1345
12,7,45,19,135,5,2,1345
11,7,20,19,135,5,3,1345
23,6,35,13,135,6,1,1346
25,6,50,8,135,6,2,1346
10,5,25,12,135,6,3,1346
25,5,25,20,135,7,1,1347
10,7,20,25,135,7,2,1347
22,5,25,17,135,7,3,1347
18,7,40,17,135,8,1,1348
16,4,25,18,135,8,2,1348
8,7,40,17,135,8,3,1348
19,6,40,25,135,9,1,1349
8,4,35,5,135,9,2,1349
9,6,30,17,135,9,3,1349
10,6,35,20,135,10,1,1350
16,4,45,16,135,10,2,1350
2,6,50,22,135,10,3,1350
3,5,35,15,136,1,1,1351
1,7,25,19,136,1,2,1351
19,4,45,13,136,1,3,1351
2,7,25,7,136,2,1,1352
7,4,45,9,136,2,2,1352
1,5,50,15,136,2,3,1352
24,4,30,19,136,3,1,1353
5,7,25,11,136,3,2,1353
17,7,50,10,136,3,3,1353
7,7,40,12,136,4,1,1354
8,5,20,17,136,4,2,1354
16,5,50,3,136,4,3,1354
5,4,50,6,136,5,1,1355
7,6,20,15,136,5,2,1355
19,5,45,4,136,5,3,1355
4,7,30,9,136,6,1,1356
25,6,50,22,136,6,2,1356
9,7,30,11,136,6,3,1356
11,4,40,15,136,7,1,1357
16,4,20,21,136,7,2,1357
11,6,40,12,136,7,3,1357
21,5,50,23,136,8,1,1358
8,7,30,20,136,8,2,1358
24,6,25,7,136,8,3,1358
6,7,20,9,136,9,1,1359
4,4,40,3,136,9,2,1359
24,6,25,25,136,9,3,1359
3,4,50,6,136,10,1,1360
13,5,25,6,136,10,2,1360
22,6,30,7,136,10,3,1360
19,5,30,9,137,1,1,1361
25,5,40,8,137,1,2,1361
11,6,35,20,137,1,3,1361
2,4,25,13,137,2,1,1362
19,7,45,9,137,2,2,1362
25,4,20,21,137,2,3,1362
9,6,45,1,137,3,1,1363
25,6,20,17,137,3,2,1363
1,6,40,5,137,3,3,1363
17,4,50,17,137,4,1,1364
16,6,20,24,137,4,2,1364
11,4,50,8,137,4,3,1364
10,5,40,13,137,5,1,1365
7,6,45,14,137,5,2,1365
21,7,45,13,137,5,3,1365
18,4,25,15,137,6,1,1366
5,6,45,17,137,6,2,1366
4,6,35,13,137,6,3,1366
17,6,45,24,137,7,1,1367
10,4,25,15,137,7,2,1367
17,5,30,10,137,7,3,1367
4,4,30,4,137,8,1,1368
17,4,20,24,137,8,2,1368
17,7,25,2,137,8,3,1368
15,7,30,25,137,9,1,1369
21,7,45,24,137,9,2,1369
25,5,30,22,137,9,3,1369
21,5,25,7,137,10,1,1370
17,6,50,24,137,10,2,1370
4,5,50,18,137,10,3,1370
7,6,35,9,138,1,1,1371
18,4,40,14,138,1,2,1371
23,4,30,10,138,1,3,1371
6,4,25,16,138,2,1,1372
20,4,50,18,138,2,2,1372
6,6,20,2,138,2,3,1372
4,6,30,22,138,3,1,1373
21,7,25,4,138,3,2,1373
14,6,40,12,138,3,3,1373
10,4,35,11,138,4,1,1374
17,7,35,25,138,4,2,1374
24,6,25,9,138,4,3,1374
3,7,20,10,138,5,1,1375
11,6,35,21,138,5,2,1375
9,7,50,5,138,5,3,1375
4,6,25,12,138,6,1,1376
25,7,30,15,138,6,2,1376
1,7,50,24,138,6,3,1376
17,7,20,17,138,7,1,1377
19,6,40,14,138,7,2,1377
14,6,50,19,138,7,3,1377
20,6,25,18,138,8,1,1378
2,7,45,16,138,8,2,1378
8,5,45,23,138,8,3,1378
21,4,20,20,138,9,1,1379
11,7,45,18,138,9,2,1379
2,5,45,19,138,9,3,1379
24,5,25,24,138,10,1,1380
10,6,45,14,138,10,2,1380
4,4,45,1,138,10,3,1380
10,4,40,11,139,1,1,1381
3,4,20,23,139,1,2,1381
10,5,45,1,139,1,3,1381
1,4,30,22,139,2,1,1382
25,5,50,24,139,2,2,1382
7,7,40,15,139,2,3,1382
8,6,35,21,139,3,1,1383
6,7,50,9,139,3,2,1383
14,7,50,7,139,3,3,1383
2,7,45,24,139,4,1,1384
6,7,25,19,139,4,2,1384
10,4,30,14,139,4,3,1384
7,6,20,14,139,5,1,1385
22,5,20,12,139,5,2,1385
13,4,35,23,139,5,3,1385
3,6,45,12,139,6,1,1386
3,6,20,14,139,6,2,1386
15,5,30,21,139,6,3,1386
1,5,25,1,139,7,1,1387
14,7,25,2,139,7,2,1387
10,6,40,22,139,7,3,1387
20,5,45,4,139,8,1,1388
20,4,20,5,139,8,2,1388
25,6,50,3,139,8,3,1388
16,7,35,15,139,9,1,1389
24,6,25,16,139,9,2,1389
1,7,35,9,139,9,3,1389
10,6,20,4,139,10,1,1390
9,6,20,13,139,10,2,1390
13,5,30,9,139,10,3,1390
5,6,40,12,140,1,1,1391
7,7,25,25,140,1,2,1391
15,6,40,2,140,1,3,1391
23,6,35,16,140,2,1,1392
19,7,20,17,140,2,2,1392
25,5,25,8,140,2,3,1392
2,7,20,24,140,3,1,1393
17,7,20,24,140,3,2,1393
3,6,35,16,140,3,3,1393
23,7,45,22,140,4,1,1394
18,7,35,4,140,4,2,1394
17,4,40,20,140,4,3,1394
25,4,45,11,140,5,1,1395
6,5,45,19,140,5,2,1395
18,7,30,13,140,5,3,1395
6,6,40,20,140,6,1,1396
4,6,20,25,140,6,2,1396
15,5,30,1,140,6,3,1396
1,4,50,24,140,7,1,1397
4,5,20,15,140,7,2,1397
15,5,50,4,140,7,3,1397
16,6,30,21,140,8,1,1398
21,6,50,15,140,8,2,1398
11,4,50,24,140,8,3,1398
24,7,30,11,140,9,1,1399
25,6,40,15,140,9,2,1399
20,4,35,21,140,9,3,1399
21,5,35,23,140,10,1,1400
17,5,45,23,140,10,2,1400
19,4,40,15,140,10,3,1400
19,4,40,25,141,1,1,1401
16,5,25,7,141,1,2,1401
19,7,35,22,141,1,3,1401
3,4,50,13,141,2,1,1402
20,4,25,21,141,2,2,1402
20,6,20,16,141,2,3,1402
25,6,45,22,141,3,1,1403
3,4,35,18,141,3,2,1403
13,4,20,6,141,3,3,1403
15,6,45,25,141,4,1,1404
2,7,25,20,141,4,2,1404
25,4,25,20,141,4,3,1404
25,6,45,3,141,5,1,1405
20,6,20,16,141,5,2,1405
5,6,25,6,141,5,3,1405
4,6,40,18,141,6,1,1406
1,4,45,9,141,6,2,1406
17,5,40,11,141,6,3,1406
2,6,40,1,141,7,1,1407
22,5,20,11,141,7,2,1407
21,7,40,16,141,7,3,1407
3,4,35,14,141,8,1,1408
18,5,50,17,141,8,2,1408
6,6,45,11,141,8,3,1408
20,4,20,12,141,9,1,1409
11,7,20,9,141,9,2,1409
18,5,40,12,141,9,3,1409
20,4,40,25,141,10,1,1410
25,7,25,23,141,10,2,1410
4,5,45,25,141,10,3,1410
14,4,50,8,142,1,1,1411
23,5,20,2,142,1,2,1411
2,5,25,7,142,1,3,1411
5,4,20,17,142,2,1,1412
19,5,35,23,142,2,2,1412
3,6,45,20,142,2,3,1412
13,7,45,17,142,3,1,1413
10,4,35,10,142,3,2,1413
16,5,40,16,142,3,3,1413
14,6,30,9,142,4,1,1414
1,4,35,11,142,4,2,1414
4,7,30,22,142,4,3,1414
12,6,35,15,142,5,1,1415
2,7,40,12,142,5,2,1415
22,6,35,11,142,5,3,1415
16,7,45,13,142,6,1,1416
7,4,35,9,142,6,2,1416
25,6,20,21,142,6,3,1416
1,6,40,7,142,7,1,1417
10,4,30,2,142,7,2,1417
9,5,35,14,142,7,3,1417
5,6,45,8,142,8,1,1418
16,7,45,8,142,8,2,1418
14,4,45,5,142,8,3,1418
18,6,20,2,142,9,1,1419
9,6,35,1,142,9,2,1419
16,5,50,25,142,9,3,1419
2,7,40,2,142,10,1,1420
25,4,25,16,142,10,2,1420
15,5,20,16,142,10,3,1420
2,7,20,2,143,1,1,1421
23,5,35,5,143,1,2,1421
7,6,20,16,143,1,3,1421
24,6,45,2,143,2,1,1422
5,7,25,7,143,2,2,1422
12,7,25,22,143,2,3,1422
6,5,50,23,143,3,1,1423
2,7,25,19,143,3,2,1423
20,4,40,22,143,3,3,1423
6,5,40,16,143,4,1,1424
25,6,40,25,143,4,2,1424
8,5,45,10,143,4,3,1424
14,6,20,14,143,5,1,1425
21,4,50,13,143,5,2,1425
11,6,20,7,143,5,3,1425
10,6,25,16,143,6,1,1426
16,6,20,13,143,6,2,1426
12,5,45,6,143,6,3,1426
24,6,35,7,143,7,1,1427
23,6,35,19,143,7,2,1427
19,7,25,17,143,7,3,1427
17,7,45,14,143,8,1,1428
22,6,45,21,143,8,2,1428
18,5,40,7,143,8,3,1428
1,7,30,15,143,9,1,1429
22,4,40,10,143,9,2,1429
17,4,20,14,143,9,3,1429
2,4,35,2,143,10,1,1430
8,7,25,14,143,10,2,1430
8,6,25,3,143,10,3,1430
8,5,35,9,144,1,1,1431
2,7,25,15,144,1,2,1431
11,4,20,25,144,1,3,1431
14,6,50,12,144,2,1,1432
7,6,25,5,144,2,2,1432
3,6,30,22,144,2,3,1432
5,6,50,22,144,3,1,1433
5,4,45,5,144,3,2,1433
3,4,25,11,144,3,3,1433
25,5,30,20,144,4,1,1434
15,7,30,11,144,4,2,1434
20,5,45,5,144,4,3,1434
18,7,30,1,144,5,1,1435
17,7,45,23,144,5,2,1435
8,7,45,11,144,5,3,1435
4,7,25,7,144,6,1,1436
20,5,25,3,144,6,2,1436
18,7,30,2,144,6,3,1436
21,6,30,17,144,7,1,1437
15,6,20,19,144,7,2,1437
3,4,50,22,144,7,3,1437
14,5,30,9,144,8,1,1438
20,7,40,7,144,8,2,1438
23,6,50,15,144,8,3,1438
25,6,45,7,144,9,1,1439
9,7,50,11,144,9,2,1439
21,5,30,7,144,9,3,1439
8,7,40,16,144,10,1,1440
17,5,50,14,144,10,2,1440
6,6,30,20,144,10,3,1440
4,7,50,10,145,1,1,1441
16,5,35,1,145,1,2,1441
6,6,20,12,145,1,3,1441
11,4,35,6,145,2,1,1442
21,7,30,7,145,2,2,1442
18,4,45,6,145,2,3,1442
25,5,35,5,145,3,1,1443
17,6,50,2,145,3,2,1443
1,4,45,22,145,3,3,1443
17,4,30,16,145,4,1,1444
10,7,25,6,145,4,2,1444
18,7,45,5,145,4,3,1444
8,7,45,8,145,5,1,1445
24,7,50,19,145,5,2,1445
23,4,30,17,145,5,3,1445
2,5,25,15,145,6,1,1446
11,5,35,13,145,6,2,1446
1,6,40,20,145,6,3,1446
3,5,30,7,145,7,1,1447
11,7,45,6,145,7,2,1447
14,4,30,10,145,7,3,1447
18,7,25,8,145,8,1,1448
3,7,40,2,145,8,2,1448
24,4,25,6,145,8,3,1448
21,5,35,23,145,9,1,1449
23,4,45,2,145,9,2,1449
16,4,20,10,145,9,3,1449
16,5,25,22,145,10,1,1450
25,7,20,4,145,10,2,1450
11,7,45,23,145,10,3,1450
11,4,40,2,146,1,1,1451
5,6,50,2,146,1,2,1451
7,5,20,13,146,1,3,1451
9,7,40,11,146,2,1,1452
16,5,30,15,146,2,2,1452
19,4,35,13,146,2,3,1452
8,7,45,23,146,3,1,1453
24,7,25,12,146,3,2,1453
10,7,40,19,146,3,3,1453
22,7,25,15,146,4,1,1454
15,4,30,5,146,4,2,1454
11,5,20,11,146,4,3,1454
16,4,20,9,146,5,1,1455
23,6,40,15,146,5,2,1455
17,5,40,22,146,5,3,1455
21,7,25,3,146,6,1,1456
15,4,25,13,146,6,2,1456
25,7,35,22,146,6,3,1456
22,5,20,15,146,7,1,1457
5,6,35,20,146,7,2,1457
19,5,30,22,146,7,3,1457
1,6,25,20,146,8,1,1458
21,4,30,21,146,8,2,1458
6,5,30,5,146,8,3,1458
22,7,20,21,146,9,1,1459
1,6,50,7,146,9,2,1459
3,7,45,18,146,9,3,1459
24,4,25,5,146,10,1,1460
21,5,30,19,146,10,2,1460
23,7,25,1,146,10,3,1460
22,7,25,18,147,1,1,1461
9,4,35,24,147,1,2,1461
19,7,50,15,147,1,3,1461
21,7,45,7,147,2,1,1462
9,7,50,23,147,2,2,1462
23,4,25,24,147,2,3,1462
18,5,50,14,147,3,1,1463
16,6,50,7,147,3,2,1463
11,7,40,2,147,3,3,1463
22,4,40,24,147,4,1,1464
5,4,20,9,147,4,2,1464
25,6,25,6,147,4,3,1464
3,4,45,23,147,5,1,1465
5,6,30,7,147,5,2,1465
22,7,30,9,147,5,3,1465
1,6,45,8,147,6,1,1466
9,5,35,5,147,6,2,1466
15,4,40,12,147,6,3,1466
21,4,25,12,147,7,1,1467
13,4,50,6,147,7,2,1467
7,4,25,22,147,7,3,1467
4,5,20,6,147,8,1,1468
23,4,25,16,147,8,2,1468
20,5,35,21,147,8,3,1468
6,6,40,19,147,9,1,1469
13,6,40,20,147,9,2,1469
24,6,20,17,147,9,3,1469
1,4,25,9,147,10,1,1470
14,4,20,10,147,10,2,1470
10,4,35,21,147,10,3,1470
4,5,40,7,148,1,1,1471
4,5,50,22,148,1,2,1471
6,6,30,1,148,1,3,1471
20,4,50,17,148,2,1,1472
8,4,25,24,148,2,2,1472
24,5,40,7,148,2,3,1472
1,5,30,21,148,3,1,1473
1,7,20,4,148,3,2,1473
12,4,20,18,148,3,3,1473
12,4,30,13,148,4,1,1474
1,4,35,9,148,4,2,1474
24,5,20,12,148,4,3,1474
4,7,20,6,148,5,1,1475
5,6,50,23,148,5,2,1475
7,7,35,2,148,5,3,1475
23,7,30,4,148,6,1,1476
15,6,50,18,148,6,2,1476
3,5,30,22,148,6,3,1476
20,4,20,18,148,7,1,1477
24,6,20,2,148,7,2,1477
5,5,30,20,148,7,3,1477
16,7,45,19,148,8,1,1478
18,5,30,3,148,8,2,1478
8,4,30,7,148,8,3,1478
7,7,30,9,148,9,1,1479
22,5,20,8,148,9,2,1479
2,7,30,24,148,9,3,1479
19,5,35,18,148,10,1,1480
6,7,30,24,148,10,2,1480
23,6,20,7,148,10,3,1480
21,4,40,25,149,1,1,1481
16,5,50,2,149,1,2,1481
9,6,30,7,149,1,3,1481
5,4,35,18,149,2,1,1482
13,6,45,21,149,2,2,1482
13,5,50,4,149,2,3,1482
16,4,35,12,149,3,1,1483
5,7,50,13,149,3,2,1483
17,5,20,19,149,3,3,1483
23,7,45,1,149,4,1,1484
5,7,25,3,149,4,2,1484
18,6,20,22,149,4,3,1484
6,5,40,16,149,5,1,1485
5,4,30,5,149,5,2,1485
23,5,35,22,149,5,3,1485
16,6,35,2,149,6,1,1486
4,5,45,19,149,6,2,1486
18,7,30,7,149,6,3,1486
19,4,25,12,149,7,1,1487
19,6,25,5,149,7,2,1487
4,4,50,16,149,7,3,1487
12,7,40,22,149,8,1,1488
16,7,30,13,149,8,2,1488
16,7,20,3,149,8,3,1488
23,4,45,15,149,9,1,1489
17,5,45,25,149,9,2,1489
14,6,40,3,149,9,3,1489
25,5,45,22,149,10,1,1490
10,6,20,6,149,10,2,1490
23,4,35,10,149,10,3,1490
15,7,20,17,150,1,1,1491
1,5,35,25,150,1,2,1491
7,4,30,1,150,1,3,1491
21,4,40,16,150,2,1,1492
16,4,25,12,150,2,2,1492
6,4,25,10,150,2,3,1492
12,5,20,2,150,3,1,1493
1,4,40,12,150,3,2,1493
12,4,50,17,150,3,3,1493
13,7,30,25,150,4,1,1494
4,4,20,4,150,4,2,1494
5,7,25,13,150,4,3,1494
2,6,40,25,150,5,1,1495
15,5,40,10,150,5,2,1495
5,5,25,15,150,5,3,1495
4,5,45,9,150,6,1,1496
20,6,30,23,150,6,2,1496
23,6,45,8,150,6,3,1496
13,7,30,13,150,7,1,1497
12,5,20,6,150,7,2,1497
12,6,40,23,150,7,3,1497
24,5,40,14,150,8,1,1498
20,4,30,5,150,8,2,1498
12,6,45,9,150,8,3,1498
8,4,45,14,150,9,1,1499
7,7,25,20,150,9,2,1499
13,4,25,22,150,9,3,1499
11,4,45,21,150,10,1,1500
21,6,50,23,150,10,2,1500
6,7,30,13,150,10,3,1500
